stories_id,publish_date,title,url,language,ap_syndicated,themes,media_id,media_name,media_url
"47633764","2025-06-01 09:44:34","CEET: suppression du poste DCAF, son patron relevé","https://togotimes.info/ceet-suppression-du-poste-dcaf-son-patron-releve/","fr","False","","15233","Togotimes","https://togotimes.info/"
"47635793","2025-06-01 11:35:49","Togo/liberté de presse et droits de l’Homme : un journaliste togolais écrit au Pape Léon XIV","https://togoactualite.com/togo-liberte-de-presse-et-droits-de-lhomme-un-journaliste-togolais-ecrit-au-pape-leon-xiv/","fr","False","","16054","Togo Actualité - Premier site d'information du Togo","https://togoactualite.com/"
"47640323","2025-06-01 08:04:20","Togo- Liberté d’expression : Un journaliste togolais saisit le Vatican","https://icilome.com/2025/06/liberte-dexpression-en-danger-au-togo-ferdinand-ayite-saisit-le-vatican/","fr","False","","9892","Icilome","http://www.icilome.com/"
"47642557","2025-06-01 10:58:20","Togo : Faure Gnassingbé nomme le Pakistanais Mansoor Hamayun comme conseiller","https://letempstg.com/2025/06/01/togo-faure-gnassingbe-nomme-le-pakistanais-mansoor-hamayun-comme-conseiller/?utm_source=rss&utm_medium=rss&utm_campaign=togo-faure-gnassingbe-nomme-le-pakistanais-mansoor-hamayun-comme-conseiller","fr","False","","9893","Le Temps - Infos du Togo et d'ailleurs - Le Temps","http://letempstg.com/"
"47642555","2025-06-01 18:18:05","Des blogueurs togolais mobilisent plus de 23 mille personnes dans un live","https://letempstg.com/2025/06/01/un-groupe-de-blogueurs-togolais-se-mobilise-pour-le-6-juin/?utm_source=rss&utm_medium=rss&utm_campaign=un-groupe-de-blogueurs-togolais-se-mobilise-pour-le-6-juin","fr","False","","9893","Le Temps - Infos du Togo et d'ailleurs - Le Temps","http://letempstg.com/"
"47652970","2025-06-02 01:25:00","Ayité writes to Pope Leon XIV over Press repression in Togo","https://icilome.com/2025/06/ayite-writes-to-pope-leon-xiv-over-press-repression-in-togo/","en","False","","9892","Icilome","http://www.icilome.com/"
"47652966","2025-06-02 04:59:25","Togo – Alors que les critiques persistent, Faure Gnassingbé se dote d’un conseiller Pakistanais","https://icilome.com/2025/06/togo-alors-que-les-critiques-persistent-faure-gnassingbe-se-dote-dun-conseiller-pakistanais/","fr","False","","9892","Icilome","http://www.icilome.com/"
"47654906","2025-06-02 12:11:27","Togo : Ouverture de la 3ème conférence de l’APA pour une Afrique plus souveraine","https://www.savoirnews.net/blog/2025/06/02/togo-lome-accueille-la-3eme-conference-de-lapa-pour-une-afrique-plus-souveraine/","fr","False","","15231","Accueil - LA PREMIERE AGENCE DE PRESSE PRIVEE AU TOGO","https://www.savoirnews.net/"
"47657351","2025-06-03 08:48:24","Togo : Des ministres africains des affaires étrangères reçus par Faure Gnassingbé à Lomé","https://www.savoirnews.net/blog/2025/06/03/togo-des-ministres-africains-des-affaires-etrangeres-recus-par-faure-gnassingbe-a-lome/","fr","False","","15231","Accueil - LA PREMIERE AGENCE DE PRESSE PRIVEE AU TOGO","https://www.savoirnews.net/"
"47658408","2025-06-03 06:03:58","Burkinabe arrested in Assin Fosu for human trafficking","https://www.adomonline.com/burkinabe-arrested-in-assin-fosu-for-human-trafficking/","en","False","","13148","Nhyira FM ","https://www.adomonline.com/nhyira-fm-live-radio/?fbclid=IwAR2nPuQ4SmhWjzHxDmLoU1PAV2Fi-QqhUh9TCrj-LHYonIvg5RSMRfA1ArM"
"47658878","2025-06-03 06:03:58","Burkinabe arrested in Assin Fosu for human trafficking","https://www.adomonline.com/burkinabe-arrested-in-assin-fosu-for-human-trafficking/","en","False","","10087","Adom Online","https://www.adomonline.com/"
"47659021","2025-06-03 06:26:09","Crise dans l'Est : les pays donateurs se prononcent sur la crise en RDC","https://congorassure.cd/politique-societe/2025/06/03/crise-dans-lest-les-pays-donateurs-se-prononcent-sur-la-crise-en-rdc","fr","False","","14605","Accueil - La Une - Droite | CongoRassure","https://congorassure.cd/"
"47659532","2025-06-03 03:35:43","Togoata APÉDO-AMAH : “certains artistes, hypocritement, ont timidement supplié pour demander la liberté d’Aamron”","https://icilome.com/2025/06/togoata-apedo-amah-certains-artistes-hypocritement-ont-timidement-supplie-pour-demander-la-liberte-daamron/","fr","False","","9892","Icilome","http://www.icilome.com/"
"47659529","2025-06-03 06:30:43","Togo- 06 juin 2025: L’opposition priée de rester loin de la contestation","https://icilome.com/2025/06/togo-06-juin-2025-lopposition-priee-de-rester-loin-de-la-contestation/","fr","False","","9892","Icilome","http://www.icilome.com/"
"47659528","2025-06-03 07:17:00","Togo- Arrestation d’Aamron : La diaspora hausse le ton et appelle à la mobilisation générale","https://icilome.com/2025/06/togo-arrestation-daamron-la-diaspora-hausse-le-ton-et-appelle-a-la-mobilisation-generale/","fr","False","","9892","Icilome","http://www.icilome.com/"
"47659527","2025-06-03 08:15:32","Togo- Arrestation d’Aamron : Freedom Togo-MLN dénonce une dérive autoritaire et appelle à la mobilisation générale","https://icilome.com/2025/06/togo-arrestation-daamron-freedom-togo-mln-denonce-une-derive-autoritaire-et-appelle-a-la-mobilisation-generale/","fr","False","","9892","Icilome","http://www.icilome.com/"
"47659526","2025-06-03 08:45:14","[Editorial] Togo- Un mois après : où est passée la République ?","https://icilome.com/2025/06/editorial-togo-un-mois-apres-ou-est-passee-la-republique/","fr","False","","9892","Icilome","http://www.icilome.com/"
"47666135","2025-06-03 05:05:11","Faure Gnassingbé, Président du Conseil a échangé avec une délégation des ministres africains","https://togotimes.info/faure-gnassingbe-president-du-conseil-a-echange-avec-une-delegation-des-ministres-africains/","fr","False","","15233","Togotimes","https://togotimes.info/"
"47667015","2025-06-03 03:13:51","Burkinabe national arrested in Assin Fosu for human trafficking","https://www.ghanabusinessnews.com/2025/06/03/burkinabe-national-arrested-in-assin-fosu-for-human-trafficking/","en","False","","1058","Ghana Business News","http://ghanabusinessnews.com/"
"47667206","2025-06-03 06:02:53","Togo/Affaire Aamron: Pourquoi l’artiste est la mémoire de son peuple?","https://togoactualite.com/togo-affaire-aamron-pourquoi-lartiste-est-la-memoire-de-son-peuple/","fr","False","","16054","Togo Actualité - Premier site d'information du Togo","https://togoactualite.com/"
"47667205","2025-06-03 06:23:04","Tribune libre/Togo, un mois après : où est passée la République ?","https://togoactualite.com/tribune-libre-togo-un-mois-apres-ou-est-passee-la-republique/","fr","False","","16054","Togo Actualité - Premier site d'information du Togo","https://togoactualite.com/"
"47668893","2025-06-01 15:52:49","Amron arrêté : un cri muselé, une jeunesse bâillonnée","https://www.letogolais.com/amron-arrete-un-cri-musele-une-jeunesse-baillonnee/","fr","False","","9894","Togo - letogolais.com : Le site d'informations sur le Togo","http://www.letogolais.com/"
"47673620","2025-06-03 12:38:30","L’Afrique trace sa nouvelle voie géopolitique depuis Lomé","https://malivox.net/lafrique-trace-sa-nouvelle-voie-geopolitique-depuis-lome/","fr","False","","5082","Malivox","https://malivox.net/"
"47674051","2025-06-02 10:35:50","Olivier Amah, François Boko, Aamron, Marguerite Gnakadé…: La Légende d’Un « Pouvoir Kabyè» s’Effrite de Jour en Jour","https://www.27avril.com/blog/opinion/olivier-amah-francois-boko-aamron-marguerite-gnakade-la-legende-dun-pouvoir-kabye-seffrite-de-jour-en-jour","fr","False","","15228","Nouvelles d'actualité au Togo et dans le Monde - 27avril.com","https://www.27avril.com/"
"47674050","2025-06-02 10:41:37","Togo: Vème République…de Cafouillage","https://www.27avril.com/blog/actualites/politiques/togo-veme-republique-de-cafouillage","fr","False","","15228","Nouvelles d'actualité au Togo et dans le Monde - 27avril.com","https://www.27avril.com/"
"47674049","2025-06-03 12:17:24","Notre Lutte Est Juste: Le Togo Que Nous Méritons Viendra","https://www.27avril.com/blog/opinion/notre-lutte-est-juste-le-togo-que-nous-meritons-viendra","fr","False","","15228","Nouvelles d'actualité au Togo et dans le Monde - 27avril.com","https://www.27avril.com/"
"47680438","2025-06-03 21:00:21","De Lomé à Bamako : Faure Gnassingbé et Abdoulaye Diop dessinent une Afrique libre et unie","https://bamada.net/de-lome-a-bamako-faure-gnassingbe-et-abdoulaye-diop-dessinent-une-afrique-libre-et-unie","fr","False","","5056","Bamada.net","http://bamada.net/"
"47681261","2025-06-03 20:01:43","Togo: Faure Gnassingbé, 20 ans d’échec total","https://www.27avril.com/blog/opinion/togo-faure-gnassingbe-20-ans-dechec-total","fr","False","","15228","Nouvelles d'actualité au Togo et dans le Monde - 27avril.com","https://www.27avril.com/"
"47681350","2025-06-03 12:57:24","Est de la RDC : les pays donateurs appellent au respect intégral de la résolution 2773 de l'ONU et insistent sur une coordination accrue des initiatives de paix régionales et de la communauté internationale","https://actualite.cd/2025/06/03/est-de-la-rdc-les-pays-donateurs-appellent-au-respect-integral-de-la-resolution-2773-de","fr","False","","4937"," D'actualité.CD","https://actualite.cd/"
"47682333","2025-06-03 15:22:18","3e session de l’APA à Lomé : Une délégation des ministres fait le compte rendu au Président du Conseil","https://togopresse.tg/3e-session-de-lapa-a-lome-une-delegation-des-ministres-fait-le-compte-rendu-au-president-du-conseil/","fr","False","","9900","Togo-Presse - Grand quotidien national d'information","http://togopresse.tg/"
"47683733","2025-06-03 11:34:47","Burkina Faso national nabbed in Assin Fosu for human trafficking","https://myxyzonline.com/burkina-faso-national-nabbed-in-assin-fosu-for-human-trafficking/","en","False","","16731","My XYZ online","https://myxyzonline.com/"
"47687219","2025-06-04 04:37:36","Une délégation des ministres africains des affaires étrangères reçue par Faure Gnassingbé","https://togoenlive.tg/une-delegation-des-ministres-africains-des-affaires-etrangeres-recue-par-faure-gnassingbe/?utm_source=rss&utm_medium=rss&utm_campaign=une-delegation-des-ministres-africains-des-affaires-etrangeres-recue-par-faure-gnassingbe","fr","False","","16056","Togoenlive - L'actualité togolaise en direct","https://togoenlive.tg/"
"47687218","2025-06-04 04:48:12","Est de la RDC: Echanges entre Faure Gnassingbé et Bintou Keita","https://togoenlive.tg/est-de-la-rdc-echanges-entre-faure-gnassingbe-et-bintou-keita/?utm_source=rss&utm_medium=rss&utm_campaign=est-de-la-rdc-echanges-entre-faure-gnassingbe-et-bintou-keita","fr","False","","16056","Togoenlive - L'actualité togolaise en direct","https://togoenlive.tg/"
"47692183","2025-06-04 05:11:13","Notre lutte est juste: Le Togo que nous méritons viendra","https://togoactualite.com/notre-lutte-est-juste-le-togo-que-nous-meritons-viendra/","fr","False","","16054","Togo Actualité - Premier site d'information du Togo","https://togoactualite.com/"
"47692182","2025-06-04 05:14:18","Togo: Vème République…de cafouillage","https://togoactualite.com/togo-veme-republiquede-cafouillage/","fr","False","","16054","Togo Actualité - Premier site d'information du Togo","https://togoactualite.com/"
"47692180","2025-06-04 06:04:09","Togo: Faure Gnassingbé, 20 ans d’échec total","https://togoactualite.com/togo-faure-gnassingbe-20-ans-dechec-total/","fr","False","","16054","Togo Actualité - Premier site d'information du Togo","https://togoactualite.com/"
"47697542","2025-06-04 11:13:46","Togo: Les grands titres du quotidien national (Togo Presse) et des journaux privés en kiosques ce mercredi 4 Juin 2025","https://www.savoirnews.net/blog/2025/06/04/togo-les-grands-titres-du-quotidien-national-togo-presse-et-des-journaux-prives-en-kiosques-ce-mercredi-4-juin-2025/","fr","False","","15231","Accueil - LA PREMIERE AGENCE DE PRESSE PRIVEE AU TOGO","https://www.savoirnews.net/"
"47703292","2025-06-04 05:14:47","Togo- Le  parti “Les Démocrates” appelle à la mobilisation pour le départ de Faure Gnassingbé","https://icilome.com/2025/06/togo-le-parti-les-democrates-appelle-a-la-mobilisation-pour-le-depart-de-faure-gnassingbe/","fr","False","","9892","Icilome","http://www.icilome.com/"
"47703288","2025-06-04 07:15:40","“No parties this time”: Togolese youth to lead their own revolt on June 6","https://icilome.com/2025/06/no-parties-this-time-togolese-youth-to-lead-their-own-revolt-on-june-6/","en","False","","9892","Icilome","http://www.icilome.com/"
"47707368","2025-06-04 18:21:54","Togo: les interrogations et l'inquiétude grandissent après la disparition du rappeur Aamron","https://www.rfi.fr/fr/afrique/20250604-togo-les-interrogations-et-l-inqui%C3%A9tude-grandissent-apr%C3%A8s-la-disparition-du-rappeur-aamron","fr","False","","14598","Écouter RFI Afrique en direct - RFI","https://www.rfi.fr/fr/direct-afrique"
"47708261","2025-06-04 17:51:39","Togo : Entretien Faure Gnassingbé/Cheffe de la MONUSCO à Lomé","https://www.savoirnews.net/blog/2025/06/04/togo-entretien-faure-gnassingbe-cheffe-de-la-monusco-a-lome/","fr","False","","15231","Accueil - LA PREMIERE AGENCE DE PRESSE PRIVEE AU TOGO","https://www.savoirnews.net/"
"47716743","2025-06-05 05:01:45","Togo: les excuses d’Aamron à Faure Gnassingbé","https://togoenlive.tg/togo-les-excuses-daamron-a-faure-gnassingbe/?utm_source=rss&utm_medium=rss&utm_campaign=togo-les-excuses-daamron-a-faure-gnassingbe","fr","False","","16056","Togoenlive - L'actualité togolaise en direct","https://togoenlive.tg/"
"47718253","2025-06-05 04:33:13","Togo- Aamron présente ses excuses : La pression populaire va-t-elle retomber ?","https://icilome.com/2025/06/togo-aamron-presente-ses-excuses-a-faure-gnassingbe/","fr","False","","9892","Icilome","http://www.icilome.com/"
"47720979","2025-06-05 07:46:40","Togo- Silence, répression et impunité : Des avocats brisent le mur de la peur","https://icilome.com/2025/06/togo-silence-repression-et-impunite-des-avocats-brisent-le-mur-de-la-peur/","fr","False","","9892","Icilome","http://www.icilome.com/"
"47721383","2025-06-05 05:59:18","L’APF prévoit une mission de restitution auprès de Faure Gnassingbé, médiateur de l’Union Africaine","https://laprosperiteonline.net/2025/06/05/lapf-prevoit-une-mission-de-restitution-aupres-de-faure-gnassingbe-mediateur-de-lunion-africaine/","fr","False","","4960","Journal la Prospérité","https://laprosperiteonline.net/"
"47724394","2025-06-05 08:43:45","Est de la RDC : après sa mission de bons offices conduite à Kinshasa et Kigali, l'APF s'apprête à rencontrer le médiateur Faure Gnassingbé pour une “restitution de haut niveau”","https://actualite.cd/2025/06/05/est-de-la-rdc-apres-sa-mission-de-bons-offices-conduite-kinshasa-et-kigali-lapf-sapprete","fr","False","","4937"," D'actualité.CD","https://actualite.cd/"
"47725112","2025-06-05 10:39:40","Est de la RDC: entre le gouvernement et l'AFC/M23, les négociations piétinent","https://www.rfi.fr/fr/afrique/20250605-est-de-la-rdc-entre-le-gouvernement-et-l-afc-m23-les-n%C3%A9gociations-pi%C3%A9tinent","fr","False","","14598","Écouter RFI Afrique en direct - RFI","https://www.rfi.fr/fr/direct-afrique"
"47726398","2025-06-05 09:19:42","Togo : Le rappeur Aamron demande « pardon » dans une vidéo","https://www.savoirnews.net/blog/2025/06/05/togo-le-rappeur-aamron-demande-pardon-dans-une-video/","fr","False","","15231","Accueil - LA PREMIERE AGENCE DE PRESSE PRIVEE AU TOGO","https://www.savoirnews.net/"
"47728474","2025-06-05 12:41:56","V/R: Police arrest driver with GHC1m cash in transit","https://ghanaguardian.com/v-r-police-arrest-driver-with-ghc1m-cash-in-transit","en","False","","10075","Ghana Guardian","https://ghanaguardian.com/"
"47728554","2025-06-05 12:36:13","Togo: Les grands titres du quotidien national (Togo Presse) et des journaux privés en kiosques ce jeudi 5 Juin 2025","https://www.savoirnews.net/blog/2025/06/05/togo-les-grands-titres-du-quotidien-national-togo-presse-et-des-journaux-prives-en-kiosques-ce-jeudi-5-juin-2025/","fr","False","","15231","Accueil - LA PREMIERE AGENCE DE PRESSE PRIVEE AU TOGO","https://www.savoirnews.net/"
"47734940","2025-06-05 08:40:46","Togo : Le rappeur Aamron libéré après huit jours de détention","https://togoactualite.com/togo-le-rappeur-aamron-libere-apres-huit-jours-de-detention/","fr","False","","16054","Togo Actualité - Premier site d'information du Togo","https://togoactualite.com/"
"47734939","2025-06-05 08:54:18","Togo : Marguerite Gnakadé rompt, à nouveau, le silence","https://togoactualite.com/togo-marguerite-gnakade-rompt-a-nouveau-le-silence/","fr","False","","16054","Togo Actualité - Premier site d'information du Togo","https://togoactualite.com/"
"47739172","2025-06-05 17:12:26","TOGO / Lomé: CEDEAO; Vers une célébration mémorable du Jubilé d’Or à Lomé. / La Vice-Présidente de la Commission de la CEDEAO en mission préparatoire au Togo","https://nasopresse.com/2025/06/05/togo-lome-cedeao-vers-une-celebration-memorable-du-jubile-dor-a-lome-la-vice-presidente-de-la-commission-de-la-cedeao-en-mission-preparatoire-au-togo/","fr","False","","16851","Naso Presse","https://nasopresse.com/"
"47747931","2025-06-06 12:17:49","Togo : un rappeur interné présente ses excuses à Faure Gnassingbé","https://www.jeuneafrique.com/1694794/politique/togo-un-rappeur-interne-presente-ses-excuses-a-faure-gnassingbe/","fr","False","","10192","jeuneafrique.com","http://jeuneafrique.com/"
"47748553","2025-06-06 12:17:49","Togo : un rappeur interné présente ses excuses à Faure Gnassingbé","https://www.jeuneafrique.com/1694794/politique/togo-un-rappeur-interne-presente-ses-excuses-a-faure-gnassingbe/","fr","False","","9837","Seychelles : suivez tous les jours l’actualité du pays – Danny Faure – infos en temps réel","https://www.jeuneafrique.com/pays/seychelles/"
"47748818","2025-06-06 07:42:00","Togo : Faure Gnassingbé vers la sortie ? Ce que l'on sait de la situation","https://www.linfodrome.com/international/110106-togo-faure-gnassingbe-vers-la-sortie-ce-que-l-on-sait-de-la-situation","fr","False","","10047","L'actualité ivoirienne indépendante de Côte d'Ivoire | Linfodrome","https://www.linfodrome.com/"
"47750711","2025-06-06 12:27:13","Manifestations à Lomé : échauffourées, interpellations et accident au carrefour GTA","https://togoactualite.com/manifestations-a-lome-echauffourees-interpellations-et-accident-au-carrefour-gta/","fr","False","","16054","Togo Actualité - Premier site d'information du Togo","https://togoactualite.com/"
"47751265","2025-06-06 04:57:43","RDC : la situation sécuritaire au centre des échanges entre Patrick Muyaya et une mission de l’OIF","https://zoom-eco.net/autres-actualites/rdc-la-situation-securitaire-au-centre-des-echanges-entre-patrick-muyaya-et-une-mission-de-loif/","fr","False","","4977","Zoom Eco","https://zoom-eco.net/"
"47752395","2025-06-06 15:52:49","Au Togo, les forces de l’ordre déployées à Lomé après des manifestations hostiles à Faure Gnassingbé","https://www.jeuneafrique.com/1695178/politique/au-togo-les-forces-de-lordre-deployees-a-lome-apres-des-manifestations-hostile-a-faure-gnassingbe/","fr","False","","10192","jeuneafrique.com","http://jeuneafrique.com/"
"47753047","2025-06-06 15:52:49","Au Togo, les forces de l’ordre déployées à Lomé après des manifestations hostiles à Faure Gnassingbé","https://www.jeuneafrique.com/1695178/politique/au-togo-les-forces-de-lordre-deployees-a-lome-apres-des-manifestations-hostile-a-faure-gnassingbe/","fr","False","","9837","Seychelles : suivez tous les jours l’actualité du pays – Danny Faure – infos en temps réel","https://www.jeuneafrique.com/pays/seychelles/"
"47754762","2025-06-06 08:12:41","Une délégation conduite par Muriel Berset Kohen reçue à Kinshasa,, OIF : Patrick Muyaya plaide pour un engagement plus large en faveur de la paix en RDC !","https://laprosperiteonline.net/2025/06/06/une-delegation-conduite-par-muriel-berset-kohen-recue-a-kinshasa-oif-patrick-muyaya-plaide-pour-un-engagement-plus-large-en-faveur-de-la-paix-en-rdc/","fr","False","","4960","Journal la Prospérité","https://laprosperiteonline.net/"
"47755841","2025-06-06 16:48:32","Togo: les femmes des marchés célèbrent avec Faure Gnassingbé son anniversaire","https://togoenlive.tg/togo-les-femmes-des-marches-celebrent-avec-faure-gnassingbe-son-anniversaire/?utm_source=rss&utm_medium=rss&utm_campaign=togo-les-femmes-des-marches-celebrent-avec-faure-gnassingbe-son-anniversaire","fr","False","","16056","Togoenlive - L'actualité togolaise en direct","https://togoenlive.tg/"
"47757839","2025-06-05 23:08:29","Comme Aamron, restez debout.","https://www.letogolais.com/comme-aamron-restez-debout/","fr","False","","9894","Togo - letogolais.com : Le site d'informations sur le Togo","http://www.letogolais.com/"
"47758294","2025-06-07 00:49:10","Togo: enlevé par les gendarmes, le rappeur Aamron a été placé en hôpital psychiatrique","https://www.rfi.fr/fr/afrique/20250607-togo-enlev%C3%A9-par-les-gendarmes-le-rappeur-aamron-a-%C3%A9t%C3%A9-plac%C3%A9-en-h%C3%B4pital-psychiatrique-faure-gnassignb%C3%A9-critique-video-excuses","fr","False","","14598","Écouter RFI Afrique en direct - RFI","https://www.rfi.fr/fr/direct-afrique"
"47758642","2025-06-07 01:18:02","Togo : le rappeur Aamron interné en hôpital psychiatrique sous contrainte présumée après une arrestation controversée","https://africapresse.com/togo-le-rappeur-aamron-interne-en-hopital-psychiatrique-sous-contrainte-presumee-apres-une-arrestation-controversee/","fr","False","","4863","Africa Presse","http://africapresse.com/"
"47759933","2025-06-07 01:48:56","Tensions à Lomé : Manifestations réprimées et journalistes inquiétés","https://lematinal.bj/tensions-a-lome-manifestations-reprimees-et-journalistes-inquietes/","fr","False","","16012","ACTUALITÉS AU BÉNIN ET DANS LE MONDE","https://lematinal.bj/"
"47760463","2025-06-07 04:19:55","Déclaration de la diaspora togolaise en Afrique","https://letempstg.com/2025/06/07/declaration-de-la-diaspora-togolaise-en-afrique/?utm_source=rss&utm_medium=rss&utm_campaign=declaration-de-la-diaspora-togolaise-en-afrique","fr","False","","9893","Le Temps - Infos du Togo et d'ailleurs - Le Temps","http://letempstg.com/"
"47762854","2025-06-07 07:23:44","Togo Police Quash Rare Anti-Government Protests in Capital","https://newscentral.africa/togo-police-quash-rare-anti-government-protests-in-capital/","en","False","","16766","Latest Breaking News - News Central TV | Latest Breaking News Across Africa, Daily News in Nigeria, South Africa, Ghana, Kenya a","https://newscentral.africa/"
"47764763","2025-06-07 03:52:54","« Ce n’est pas un film, c’est le Togo » : l’appel bouleversant de Nathaniel Olympio","https://icilome.com/2025/06/ce-nest-pas-un-film-cest-le-togo-lappel-bouleversant-de-nathaniel-olympio/","fr","False","","9892","Icilome","http://www.icilome.com/"
"47764762","2025-06-07 04:33:51","Togo – Manifestations du 6 juin à Lomé : l’ASVITTO dénonce des sévices sur des jeunes arrêtés","https://icilome.com/2025/06/togo-manifestations-du-6-juin-a-lome-lasvitto-denonce-des-sevices-sur-des-jeunes-arretes/","fr","False","","9892","Icilome","http://www.icilome.com/"
"47764760","2025-06-07 06:53:57","Togo – Faure Gnassingbé s’exprime après une journée de tensions dans la capitale","https://icilome.com/2025/06/togo-faure-gnassingbe-sexprime-apres-une-journee-de-tensions-dans-la-capitale/","fr","False","","9892","Icilome","http://www.icilome.com/"
"47764761","2025-06-07 06:17:51","Togo’s youth protest as power tightens under Gnassingbé’s rule","https://icilome.com/2025/06/togos-youth-protest-as-power-tightens-under-gnassingbes-rule/","en","False","","9892","Icilome","http://www.icilome.com/"
"47767428","2025-06-07 11:05:34","FDA destroys counterfeit pharmaceutical products worth GH₵42m","https://www.adomonline.com/fda-destroys-counterfeit-pharmaceutical-products-worth-gh%e2%82%b542m/","en","False","","13148","Nhyira FM ","https://www.adomonline.com/nhyira-fm-live-radio/?fbclid=IwAR2nPuQ4SmhWjzHxDmLoU1PAV2Fi-QqhUh9TCrj-LHYonIvg5RSMRfA1ArM"
"47767478","2025-06-07 11:05:34","FDA destroys counterfeit pharmaceutical products worth GH₵42m","https://www.adomonline.com/fda-destroys-counterfeit-pharmaceutical-products-worth-gh%e2%82%b542m/","en","False","","10087","Adom Online","https://www.adomonline.com/"
"47767878","2025-06-06 20:46:00","Togo- Faure Gnassingbé : « J’ai été profondément touché par vos messages »","https://icilome.com/2025/06/togo-faure-gnassingbe-jai-ete-profondement-touche-par-vos-messages/","fr","False","","9892","Icilome","http://www.icilome.com/"
"47767877","2025-06-07 10:40:06","Tabaski 2025 : Une célébration empreinte de paix et de ferveur à Lomé et dans tout le pays","https://icilome.com/2025/06/tabaski-2025-une-celebration-empreinte-de-paix-et-de-ferveur-a-lome-et-dans-tout-le-pays/","fr","False","","9892","Icilome","http://www.icilome.com/"
"47768153","2025-06-07 12:41:46","Anniversaire 2025: Faure Gnassingbé reconnaissant","https://togoenlive.tg/anniversaire-2025-faure-gnassingbe-reconnaissant/?utm_source=rss&utm_medium=rss&utm_campaign=anniversaire-2025-faure-gnassingbe-reconnaissant","fr","False","","16056","Togoenlive - L'actualité togolaise en direct","https://togoenlive.tg/"
"47768444","2025-06-07 13:02:23","Togo: Selma Ashipala-Musavyi, en fin de mission exprime son souhait","https://togoenlive.tg/togo-selma-ashipala-musavyi-en-fin-de-mission-exprime-son-souhait/?utm_source=rss&utm_medium=rss&utm_campaign=togo-selma-ashipala-musavyi-en-fin-de-mission-exprime-son-souhait","fr","False","","16056","Togoenlive - L'actualité togolaise en direct","https://togoenlive.tg/"
"47769572","2025-06-07 11:40:41","Bertin arrêté pour avoir défendu Aamron et la jeunesse togolaise : quand la répression attise la résistance","https://www.letogolais.com/bertin-arrete-pour-avoir-defendu-aamron-et-la-jeunesse-togolaise-quand-la-repression-attise-la-resistance/","fr","False","","9894","Togo - letogolais.com : Le site d'informations sur le Togo","http://www.letogolais.com/"
"47770925","2025-06-07 15:30:26","Au Togo déploiement massif des forces de l’ordre à Lomé après des manifestations contre le pouvoir","https://connectionivoirienne.net/2025/06/07/au-togo-deploiement-massif-des-forces-de-lordre-a-lome-apres-des-manifestations-contre-le-pouvoir/","fr","False","","10030","Le retour de Gbagbo « un sujet de crispation » (de la nécessité de désarmer les paroles) en Côte-d’Ivoire - Connectionivoirienne","https://www.connectionivoirienne.net/"
"47772632","2025-06-07 04:34:11","Togo : des avocats s’élèvent contre la dictature et l’impunité","https://togoactualite.com/togo-des-avocats-selevent-contre-la-dictature-et-limpunite/","fr","False","","16054","Togo Actualité - Premier site d'information du Togo","https://togoactualite.com/"
"47772631","2025-06-07 08:29:24","Togo : Faure Gnassingbé s’exprime après une journée de tensions dans la capitale","https://togoactualite.com/togo-faure-gnassingbe-sexprime-apres-une-journee-de-tensions-dans-la-capitale/","fr","False","","16054","Togo Actualité - Premier site d'information du Togo","https://togoactualite.com/"
"47779526","2025-06-08 07:54:13","La RDC accusée de torpiller les processus de paix, selon Kigali","https://election-net.com/article/la-rdc-accus-e-de-torpiller-les-processus-de-paix-selon-kigali","fr","False","","13520","La couverture la plus complète des dernières nouvelles","https://www.election-net.com/"
"47781623","2025-06-08 10:52:29","Kufuor’s direct relations with Togo’s Gnassingbé and 5 other little-known facts about top politicians","https://www.ghanamma.com/2025/06/08/kufuors-direct-relations-with-togos-gnassingbe-and-5-other-little-known-facts-about-top-politicians/","en","False","","1061","Ghanamma","http://ghanamma.com/"
"47781775","2025-06-08 06:07:41","Manifestation du 06 juin: L’Ordre des Médecins s’inquiète de l’arrestation du Dr Hounou-Adossi","https://togoactualite.com/manifestation-du-06-juin-lordre-des-medecins-sinquiete-de-larrestation-du-dr-hounou-adossi/","fr","False","","16054","Togo Actualité - Premier site d'information du Togo","https://togoactualite.com/"
"47784284","2025-06-08 10:29:15","Togo / Violentes répressions du 06 juin: Le Front TPAMC met en place une veille républicaine pour les citoyens arrêtés et disparus","https://www.27avril.com/blog/actualites/politiques/togo-violentes-repressions-du-06-juin-le-front-tpamc-met-en-place-une-veille-republicaine-pour-les-citoyens-arretes-et-disparus","fr","False","","15228","Nouvelles d'actualité au Togo et dans le Monde - 27avril.com","https://www.27avril.com/"
"47785489","2025-06-08 13:08:36","«Le Rwanda ne sera pas l’instrument de la RDC et des Communautés irresponsables» – Ministre Nduhungirehe","http://www.rnanews.com/le-rwanda-ne-sera-pas-linstrument-de-la-rdc-et-des-communautes-irresponsables-ministre-nduhungirehe/","fr","False","","9824","EU welcomes Morocco’s decision to facilitate the return of unaccompanied minors","http://www.rnanews.com/"
"47788200","2025-06-08 04:42:47","Togo- 06  Juin: La répression ne brisera pas la  voix du peuple,  selon Touche pas à ma constitution","https://icilome.com/2025/06/togo-06-juin-la-repression-ne-brisera-pas-la-voix-du-peuple-selon-touche-pas-a-ma-constitution/","fr","False","","9892","Icilome","http://www.icilome.com/"
"47788199","2025-06-08 05:15:40","Togo- Manifestation du 06  juin: L’Ordre des Médecins s’inquiète de l’arrestation du Dr Hounou-Adossi","https://icilome.com/2025/06/togo-manifestation-du-06-juin-lordre-des-medecins-sinquiete-de-larrestation-du-dr-hounou-adossi/","fr","False","","9892","Icilome","http://www.icilome.com/"
"47788198","2025-06-08 07:11:56","Togo : 15 artistes unissent leurs voix pour appeler le pouvoir à écouter le peuple","https://icilome.com/2025/06/togo-15-artistes-unissent-leurs-voix-pour-appeler-le-pouvoir-a-ecouter-le-peuple/","fr","False","","9892","Icilome","http://www.icilome.com/"
"47789831","2025-06-08 15:15:54","Togo: le développement socioéconomique axé sur la paix","https://togoenlive.tg/togo-le-developpement-socioeconomique-axe-sur-la-paix/?utm_source=rss&utm_medium=rss&utm_campaign=togo-le-developpement-socioeconomique-axe-sur-la-paix","fr","False","","16056","Togoenlive - L'actualité togolaise en direct","https://togoenlive.tg/"
"47792090","2025-06-09 01:23:31","Rwanda Withdraws From ECCAS, Accusing DR Congo of Manipulating the Bloc","https://allafrica.com/stories/202506090064.html","en","False","","4790","Uganda -- Home","https://allafrica.com/uganda/"
"47794248","2025-06-09 07:47:02","Au Togo, l’opposition dénonce des arrestations « arbitraires » lors des récentes manifestations","https://www.jeuneafrique.com/1695267/politique/au-togo-lopposition-denonce-des-arrestations-arbitraires-lors-des-recentes-manifestations/","fr","False","","10192","jeuneafrique.com","http://jeuneafrique.com/"
"47794771","2025-06-09 07:47:02","Au Togo, l’opposition dénonce des arrestations « arbitraires » lors des récentes manifestations","https://www.jeuneafrique.com/1695267/politique/au-togo-lopposition-denonce-des-arrestations-arbitraires-lors-des-recentes-manifestations/","fr","False","","9837","Seychelles : suivez tous les jours l’actualité du pays – Danny Faure – infos en temps réel","https://www.jeuneafrique.com/pays/seychelles/"
"47802065","2025-06-09 05:52:13","Grâce à Dieu pour la paix au Togo, la prière du canton de Mission-Tové le dimanche du Pentecôte","https://togotimes.info/grace-a-dieu-pour-la-paix-au-togo-la-priere-du-canton-de-mission-tove-le-dimanche-du-pentecote/","fr","False","","15233","Togotimes","https://togotimes.info/"
"47802064","2025-06-09 06:01:30","Togo: pour  la jeunesse, le CJD et ses partenaires explorent les opportunités et pistes","https://togotimes.info/togo-pour-la-jeunesse-le-cjd-et-ses-partenaires-explorent-les-opportunites-et-pistes/","fr","False","","15233","Togotimes","https://togotimes.info/"
"47803020","2025-06-09 06:05:08","Togo- Lomé sous haute surveillance après les manifestations du 6 juin","https://icilome.com/2025/06/togo-lome-sous-haute-surveillance-apres-les-manifestations-du-6-juin/","fr","False","","9892","Icilome","http://www.icilome.com/"
"47803015","2025-06-09 10:11:06","Togo- Arrestation du Dr Hounou-Adossi : Les agents de santé en colère","https://icilome.com/2025/06/togo-arrestation-du-dr-hounou-adossi-les-agents-de-sante-en-colere/","fr","False","","9892","Icilome","http://www.icilome.com/"
"47810281","2025-06-09 15:04:19","Le peuple togolais n’a pas de leçon à recevoir de panafricanistes hypocrites!","https://togoactualite.com/le-peuple-togolais-na-pas-de-lecon-a-recevoir-de-panafricanistes-hypocrites/","fr","False","","16054","Togo Actualité - Premier site d'information du Togo","https://togoactualite.com/"
"47810280","2025-06-09 15:12:02","Togo : Manifestation spontanée des médecins togolais pour la libération du Dr Hounonè-Adossi","https://togoactualite.com/togo-manifestation-spontanee-des-medecins-togolais-pour-la-liberation-du-dr-hounone-adossi/","fr","False","","16054","Togo Actualité - Premier site d'information du Togo","https://togoactualite.com/"
"47811483","2025-06-09 12:48:16","Le Peuple Togolais N’a Pas de Leçon à Recevoir de Panafricanistes Hypocrites!","https://www.27avril.com/blog/opinion/le-peuple-togolais-na-pas-de-lecon-a-recevoir-de-panafricanistes-hypocrites","fr","False","","15228","Nouvelles d'actualité au Togo et dans le Monde - 27avril.com","https://www.27avril.com/"
"47812155","2025-06-09 14:30:03","Nouvelle tension entre la RDC et le Rwanda alors que les négociations de paix piétinent","http://www.rnanews.com/nouvelle-tension-entre-la-rdc-et-le-rwanda-alors-que-les-negociations-de-paix-pietinent/","fr","False","","9824","EU welcomes Morocco’s decision to facilitate the return of unaccompanied minors","http://www.rnanews.com/"
"47813853","2025-06-09 03:18:25","Togo torture victims’ group condemns post-protest arrests","https://wadr.org/togo-torture-victims-group-condemns-post-protest-arrests/","en","False","","991","WADR","https://www.wadr.org/"
"47814360","2025-06-10 02:47:55","Togo Frees Dozens Held in Anti-Government Protests","https://newscentral.africa/togo-frees-dozens-held-in-anti-government-protests/","en","False","","16766","Latest Breaking News - News Central TV | Latest Breaking News Across Africa, Daily News in Nigeria, South Africa, Ghana, Kenya a","https://newscentral.africa/"
"47815241","2025-06-10 03:39:55","Togo health workers protest detention of Dr. Hounou-Adossi","https://wadr.org/togo-health-workers-protest-detention-of-dr-hounou-adossi/","en","False","","991","WADR","https://www.wadr.org/"
"47817744","2025-06-10 04:47:00","Togo- Affaire Aamron : Trois décisions urgentes avant qu’il ne soit trop tard","https://icilome.com/2025/06/togo-affaire-aamron-trois-decisions-urgentes-avant-quil-ne-soit-trop-tard/","fr","False","","9892","Icilome","http://www.icilome.com/"
"47820222","2025-06-10 07:17:34","Togo – Manifestation du 6 juin : Partis politiques et OSC appellent à la fin de la répression","https://icilome.com/2025/06/togo-manifestation-du-6-juin-partis-politiques-et-osc-appellent-a-la-fin-de-la-repression/","fr","False","","9892","Icilome","http://www.icilome.com/"
"47820221","2025-06-10 07:18:10","Togo – Me Tchassona Traoré sur les récentes manifestations à Lomé","https://icilome.com/2025/06/togo-me-tchassona-traore-sur-les-recentes-manifestations-a-lome/","fr","False","","9892","Icilome","http://www.icilome.com/"
"47820890","2025-06-10 07:26:10","Togo: 56 personnes arrêtées lors des mobilisations du 5 et 6 juin ont été remises en liberté","https://www.rfi.fr/fr/afrique/20250610-togo-56-personnes-arr%C3%AAt%C3%A9es-lors-des-mobilisations-du-5-et-6-juin-ont-%C3%A9t%C3%A9-remises-en-libert%C3%A9","fr","False","","14598","Écouter RFI Afrique en direct - RFI","https://www.rfi.fr/fr/direct-afrique"
"47822913","2025-06-10 07:41:41","Togo : Le point sur l’actualité de ce mardi 10 Juin 2025","https://www.savoirnews.net/blog/2025/06/10/togo-le-point-sur-lactualite-de-ce-mardi-10-juin-2025/","fr","False","","15231","Accueil - LA PREMIERE AGENCE DE PRESSE PRIVEE AU TOGO","https://www.savoirnews.net/"
"47823465","2025-06-10 08:15:10","Togo- Manifestations du 6 juin: Le parti Santé du Peuple salue les premières libérations et exige la libération de tous les détenus","https://icilome.com/2025/06/togo-manifestations-du-6-juin-le-parti-sante-du-peuple-salue-les-premieres-liberations-et-exige-la-liberation-de-tous-les-detenus/","fr","False","","9892","Icilome","http://www.icilome.com/"
"47823464","2025-06-10 08:54:17","Incapable de s´unir, l’opposition togolaise laisse l’initiative aux réseaux sociaux. Quel gâchis!","https://icilome.com/2025/06/incapable-de-sunir-lopposition-togolaise-laisse-linitiative-aux-reseaux-sociaux-quel-gachis/","fr","False","","9892","Icilome","http://www.icilome.com/"
"47823717","2025-06-10 09:06:30","Togo: Les grands titres du quotidien national (Togo Presse) et des journaux privés en kiosques ce mardi 10 Juin 2025","https://www.savoirnews.net/blog/2025/06/10/togo-les-grands-titres-du-quotidien-national-togo-presse-et-des-journaux-prives-en-kiosques-ce-mardi-10-juin-2025/","fr","False","","15231","Accueil - LA PREMIERE AGENCE DE PRESSE PRIVEE AU TOGO","https://www.savoirnews.net/"
"47825987","2025-06-10 09:21:23","Togo/Manifestations du 6 juin : Les partis politiques et la société civile dénoncent la répression","https://togoactualite.com/togo-manifestations-du-6-juin-les-partis-politiques-et-la-societe-civile-denoncent-la-repression/","fr","False","","16054","Togo Actualité - Premier site d'information du Togo","https://togoactualite.com/"
"47825988","2025-06-10 08:28:22","Togo- Affaire Aamron : Trois décisions urgentes avant qu’il ne soit trop tard","https://togoactualite.com/togo-affaire-aamron-trois-decisions-urgentes-avant-quil-ne-soit-trop-tard/","fr","False","","16054","Togo Actualité - Premier site d'information du Togo","https://togoactualite.com/"
"47830322","2025-06-10 08:21:58","Togo: Incapable de s’unir, l’opposition togolaise laisse l’initiative aux réseaux sociaux. Quel gâchis!","https://www.27avril.com/blog/opinion/togo-incapable-de-sunir-lopposition-togolaise-laisse-linitiative-aux-reseaux-sociaux-quel-gachis","fr","False","","15228","Nouvelles d'actualité au Togo et dans le Monde - 27avril.com","https://www.27avril.com/"
"47830321","2025-06-10 08:55:59","Togo / 6 juin 2025: Une Mobilisation Inédite de la Jeunesse Togolaise. Bravo les Jeunes!","https://www.27avril.com/blog/opinion/togo-6-juin-2025-une-mobilisation-inedite-de-la-jeunesse-togolaise","fr","False","","15228","Nouvelles d'actualité au Togo et dans le Monde - 27avril.com","https://www.27avril.com/"
"47830912","2025-06-10 13:50:15","Négociations autour du minerais en RDC: l’avocat Pascal Agboyibor pour jouer un rôle important","https://togotimes.info/negociations-autour-du-minerais-en-rdc-lavocat-pascal-agboyibor-pour-jouer-un-role-important/","fr","False","","15233","Togotimes","https://togotimes.info/"
"47835889","2025-06-10 14:22:58","Incapable de s’unir, l’opposition togolaise laisse l’initiative aux réseaux sociaux. Quel gâchis!","https://togoactualite.com/incapable-de-sunir-lopposition-togolaise-laisse-linitiative-aux-reseaux-sociaux-quel-gachis/","fr","False","","16054","Togo Actualité - Premier site d'information du Togo","https://togoactualite.com/"
"47839461","2025-06-09 10:11:45","Togo police bring an end to rare anti-government protests","https://mwanzotv.com/togo-police-bring-an-end-to-rare-anti-government-protests/?utm_source=rss&utm_medium=rss&utm_campaign=togo-police-bring-an-end-to-rare-anti-government-protests","en","False","","16551","Mwanzo TV","https://mwanzotv.com/"
"47847363","2025-06-11 06:48:17","Togo : l’opposition appelle à la démission de Gnassingbé","https://www.afrique-sur7.fr/togo-lopposition-appelle-a-la-demission-de-gnassingbe","fr","False","","16837","Afrique Sur 7","https://www.afrique-sur7.fr/"
"47849411","2025-06-11 08:04:48","3 présumés trafiquants arrêtés en possession d'une grosse défense d'éléphant","https://www.24haubenin.info/?3-presumes-trafiquants-arretes-en-possession-d-une-grosse-defense-d-elephant","fr","False","","5240","24 Heures au Bénin - L'information en temps réel","http://www.24haubenin.info/"
"47850675","2025-06-11 05:25:00","Togo: 56 personnes arrêtées lors des mobilisations du 5 et 6 juin ont été remises en liberté","https://www.pressafrik.com/Togo-56-personnes-arretees-lors-des-mobilisations-du-5-et-6-juin-ont-ete-remises-en-liberte_a290585.html","fr","False","","784","Press Afrik","https://www.pressafrik.com"
"47851318","2025-06-11 05:44:24","Togo/Manifestations du 5 et 6 juin : Santé du Peuple dénonce des arrestations arbitraires et exige la libération de tous les détenus","https://togoactualite.com/togo-manifestations-du-5-et-6-juin-sante-du-peuple-denonce-des-arrestations-arbitraires-et-exige-la-liberation-de-tous-les-detenus/","fr","False","","16054","Togo Actualité - Premier site d'information du Togo","https://togoactualite.com/"
"47851413","2025-06-11 08:11:45","Trois présumés trafiquants arrêtés avec une défense d’éléphant","https://connectionivoirienne.net/2025/06/11/trois-presumes-trafiquants-arretes-avec-une-defense-delephant/","fr","False","","10030","Le retour de Gbagbo « un sujet de crispation » (de la nécessité de désarmer les paroles) en Côte-d’Ivoire - Connectionivoirienne","https://www.connectionivoirienne.net/"
"47857285","2025-06-11 08:35:47","Togo: Les grands titres du quotidien national (Togo Presse) et des journaux privés en kiosques ce mercredi 11 Juin 2025","https://www.savoirnews.net/blog/2025/06/11/togo-les-grands-titres-du-quotidien-national-togo-presse-et-des-journaux-prives-en-kiosques-ce-mercredi-11-juin-2025/","fr","False","","15231","Accueil - LA PREMIERE AGENCE DE PRESSE PRIVEE AU TOGO","https://www.savoirnews.net/"
"47857540","2025-06-11 13:03:38","Togo : Jean-Pierre Fabre se prononce sur les manifestations des 5 et 6 juin","https://togoactualite.com/togo-jean-pierre-fabre-se-prononce-sur-les-manifestations-des-5-et-6-juin/","fr","False","","16054","Togo Actualité - Premier site d'information du Togo","https://togoactualite.com/"
"47858237","2025-06-11 13:33:56","Togo/La révolte inédite de la jeunesse contre le pouvoir","https://togoactualite.com/togo-la-revolte-inedite-de-la-jeunesse-contre-le-pouvoir/","fr","False","","16054","Togo Actualité - Premier site d'information du Togo","https://togoactualite.com/"
"47859535","2025-06-11 13:55:23","Manifestations anti-pouvoir et attaques terroristes: le Togo dans le viseur de la France ?","https://togoenlive.tg/manifestations-anti-pouvoir-et-attaques-terroristes-le-togo-dans-le-viseur-de-la-france/?utm_source=rss&utm_medium=rss&utm_campaign=manifestations-anti-pouvoir-et-attaques-terroristes-le-togo-dans-le-viseur-de-la-france","fr","False","","16056","Togoenlive - L'actualité togolaise en direct","https://togoenlive.tg/"
"47861736","2025-06-11 08:02:40","Togo : l’opposition réclame la démission de Gnassingbé","https://actuburkina.net/togo-lopposition-reclame-la-demission-de-gnassingbe/","fr","False","","14584","Accueil - ActuBurkina","https://actuburkina.net"
"47862363","2025-06-11 06:11:49","Avatars de la mal gouvernance : Les Togolais indésirables aux USA","https://icilome.com/2025/06/avatars-de-la-mal-gouvernance-les-togolais-indesirables-aux-usa/","fr","False","","9892","Icilome","http://www.icilome.com/"
"47862361","2025-06-11 07:04:52","Togo: 56 released after protests, organizers call for new demonstrations","https://icilome.com/2025/06/togo-56-released-after-protests-organizers-call-for-new-demonstrations/","en","False","","9892","Icilome","http://www.icilome.com/"
"47862360","2025-06-11 11:02:15","Togo- La révolte inédite de la jeunesse contre le pouvoir","https://icilome.com/2025/06/togo-la-revolte-inedite-de-la-jeunesse-contre-le-pouvoir/","fr","False","","9892","Icilome","http://www.icilome.com/"
"47862359","2025-06-11 11:35:19","Togo- L’ANC dénonce la répression des 5 et 6 juin","https://icilome.com/2025/06/togo-lanc-denonce-la-repression-des-5-et-6-juin/","fr","False","","9892","Icilome","http://www.icilome.com/"
"47865176","2025-06-11 17:50:04","DRC Mining Week: Washington appelle au retrait des forces étrangères et insiste sur une collaboration harmonieuse des projets favorisant l'intégration économique régionale et la prospérité des économies licites","https://actualite.cd/2025/06/11/drc-mining-week-washington-appelle-au-retrait-des-forces-etrangeres-et-insiste-sur-une","fr","False","","4937"," D'actualité.CD","https://actualite.cd/"
"47866196","2025-06-11 13:45:12","Nathalie Badate: Performances remarquables cette saison avec Chassieu Décines","https://togofoot.tg/nathalie-badate-performances-remarquables-cette-saison-avec-chassieu-decines/","fr","False","","15232","TOGO FOOT - Football au Togo | TOGO FOOT","https://togofoot.tg/"
"47866267","2025-06-11 12:52:43","Pour les États-Unis, l’offensive de l'AFC-M23 et du Rwanda a facilité l’exode massif de coltan d’origine illégale de Rubaya et occasionné la flambée de l’étain sur le marché international","https://deskeco.com/2025/06/11/pour-les-etats-unis-loffensive-de-lafc-m23-et-du-rwanda-facilite-lexode-massif-de-coltan-dorigine","fr","False","","4950","Deskeco","https://deskeco.com/"
"47876970","2025-06-12 05:27:23","Le CPJ dénonce l’interpellation de la journaliste Flore Monteau au Togo","https://icilome.com/2025/06/le-cpj-denonce-linterpellation-de-la-journaliste-flore-monteau-au-togo/","fr","False","","9892","Icilome","http://www.icilome.com/"
"47876971","2025-06-12 04:37:08","Togo – Conférence panafricaine à Lomé : Taubira interpellée, « Ne légitimez pas la dictature togolaise »","https://icilome.com/2025/06/togo-conference-panafricaine-a-lome-taubira-interpellee-ne-legitimez-pas-la-dictature-togolaise/","fr","False","","9892","Icilome","http://www.icilome.com/"
"47883793","2025-06-12 10:12:40","Togo : Appel conjoint à la mobilisation citoyenne après les 6 et 7 juin 2025","https://icilome.com/2025/06/togo-appel-conjoint-a-la-mobilisation-citoyenne-apres-les-6-et-7-juin-2025/","fr","False","","9892","Icilome","http://www.icilome.com/"
"47884722","2025-06-12 05:39:36","Togo : l’opposition monte au créneau et exige le départ de Faure Gnassingbé","https://www.malikunafoni.net/post/togo-l-opposition-monte-au-cr%C3%A9neau-et-exige-le-d%C3%A9part-de-faure-gnassingb%C3%A9","fr","False","","16511","Accueil | Malikunafoni TV","https://www.malikunafoni.net/"
"47884747","2025-06-12 10:52:03","Togo : Les grands titres du quotidien national (Togo Presse) et des journaux privés, en kiosques ce jeudi 12 juin 2025","https://www.savoirnews.net/blog/2025/06/12/togo-les-grands-titres-du-quotidien-national-togo-presse-et-des-journaux-prives-en-kiosques-ce-jeudi-12-juin-2025/","fr","False","","15231","Accueil - LA PREMIERE AGENCE DE PRESSE PRIVEE AU TOGO","https://www.savoirnews.net/"
"47884947","2025-06-12 09:13:13","Togo president under increased pressure as calls mount for him to resign","https://vocfm.co.za/togo-president-under-increased-pressure-as-calls-mount-for-him-to-resign/","en","False","","673","Voice of the Cape","https://www.vocfm.co.za"
"47885875","2025-06-12 12:37:58","Togo – Opposition et société civile réclament le départ de Faure Gnassingbé : Désobéissance civile dès le 23 juin","https://icilome.com/2025/06/togo-opposition-et-societe-civile-reclament-le-depart-de-faure-gnassingbe-desobeissance-civile-des-le-23-juin/","fr","False","","9892","Icilome","http://www.icilome.com/"
"47889190","2025-06-12 09:55:13","Au-delà d’une diplomatie active au service de la paix, DRC Mining week : les USA engagés à promouvoir le développement durable et l’essor économique congolais","https://laprosperiteonline.net/2025/06/12/au-dela-dune-diplomatie-active-au-service-de-la-paix-drc-mining-week-les-usa-engages-a-promouvoir-le-developpement-durable-et-lessor-economique-congolais/","fr","False","","4960","Journal la Prospérité","https://laprosperiteonline.net/"
"47890109","2025-06-12 15:49:00","Nouvelle constitution au Togo: des opposants et la société civile demandent la ""démission"" de Gnassingbé","https://www.dakaractu.com/Nouvelle-constitution-au-Togo-des-opposants-et-la-societe-civile-demandent-la-demission-de-Gnassingbe_a262289.html","fr","False","","723","Dakar Actu","http://dakaractu.com/"
"47892616","2025-06-12 19:00:19","Criminalité faunique : 3 trafiquants arrêtés en possession d’une grosse défense d’éléphant","https://www.xibaaru.sn/criminalite-faunique-3-trafiquants-arretes-en-possession-dune-grosse-defense-delephant/","fr","False","","807","Xibaaru","https://www.xibaaru.sn"
"47892900","2025-06-12 20:03:21","Nouvelle constitution au Togo : Des opposants et des Osc toujours en colère","https://www.savoirnews.net/blog/2025/06/13/nouvelle-constitution-au-togo-des-opposants-et-des-osc-toujours-en-colere/","fr","False","","15231","Accueil - LA PREMIERE AGENCE DE PRESSE PRIVEE AU TOGO","https://www.savoirnews.net/"
"47893220","2025-06-12 06:43:57","Le CPJ dénonce l’interpellation de la journaliste Flore Monteau au Togo","https://togoactualite.com/le-cpj-denonce-linterpellation-de-la-journaliste-flore-monteau-au-togo/","fr","False","","16054","Togo Actualité - Premier site d'information du Togo","https://togoactualite.com/"
"47893384","2025-06-12 06:18:11","Viral video claiming Cameroon President Paul Biya has been overthrown in coup, AI-generated","https://ghana.dubawa.org/viral-video-claiming-cameroon-president-paul-biya-has-been-overthrown-in-coup-ai-generated/","en","False","","12569","Dubawa Ghana","https://ghana.dubawa.org/"
"47895358","2025-06-13 00:49:17","Togo Opposition, Activists Demand President Gnassingbé’s Resignation","https://newscentral.africa/togo-opposition-activists-demand-president-gnassingbes-resignation/","en","False","","16766","Latest Breaking News - News Central TV | Latest Breaking News Across Africa, Daily News in Nigeria, South Africa, Ghana, Kenya a","https://newscentral.africa/"
"47898537","2025-06-13 04:30:07","Togo opposition and CSOs demand President Gnassingbé’s resignation","https://wadr.org/togo-opposition-and-csos-demand-president-gnassingbes-resignation/","en","False","","991","WADR","https://www.wadr.org/"
"47898624","2025-06-13 04:18:43","Togo- Un Guadeloupéen incarcéré après avoir participé à des manifestations contre le régime","https://icilome.com/2025/06/togo-un-guadeloupeen-incarcere-apres-avoir-participe-a-des-manifestations-contre-le-regime/","fr","False","","9892","Icilome","http://www.icilome.com/"
"47898960","2025-06-11 20:20:25","Togo: En plein Brouillard, le Mali opère une sortie de piste!","https://www.27avril.com/blog/actualites/politiques/togo-en-plein-brouillard-le-mali-opere-une-sortie-de-piste","fr","False","","15228","Nouvelles d'actualité au Togo et dans le Monde - 27avril.com","https://www.27avril.com/"
"47898959","2025-06-12 10:59:16","Togo / Justice à double vitesse: Talaka Mawama, un procureur qui protège les « criminels de la République », mais jette les innocents en prison","https://www.27avril.com/blog/droits-2/togo-justice-a-double-vitesse-talaka-mawama-un-procureur-qui-protege-les-criminels-de-la-republique-mais-jette-les-innocents-en-prison","fr","False","","15228","Nouvelles d'actualité au Togo et dans le Monde - 27avril.com","https://www.27avril.com/"
"47898958","2025-06-12 12:04:26","Forces Armées Togolaises: L’Ampleur de la Désertion,…Grand Malaise","https://www.27avril.com/blog/actualites/politiques/forces-armees-togolaises-grand-malaise","fr","False","","15228","Nouvelles d'actualité au Togo et dans le Monde - 27avril.com","https://www.27avril.com/"
"47898956","2025-06-12 13:35:16","Togo / Dur à Regarder: Les Affres de la Soldatesque de Faure Gnassingbé sur Les Femmes à la Gendarmerie Anti-gang de Djidjolé","https://www.27avril.com/blog/actualites/politiques/togo-affres-de-la-soldatesque-de-faure-gnassingbe-sur-les-femmes","fr","False","","15228","Nouvelles d'actualité au Togo et dans le Monde - 27avril.com","https://www.27avril.com/"
"47899123","2025-06-13 04:54:50","Togo: «Le président doit démissionner», exigent opposition et société civile","https://www.rfi.fr/fr/afrique/20250613-togo-le-pr%C3%A9sident-doit-d%C3%A9missionner-exigent-opposition-et-soci%C3%A9t%C3%A9-civile","fr","False","","14598","Écouter RFI Afrique en direct - RFI","https://www.rfi.fr/fr/direct-afrique"
"47899238","2025-06-13 04:42:37","Togo- L’étau djihadiste se resserre dans le nord du pays","https://icilome.com/2025/06/togo-letau-djihadiste-se-resserre-dans-le-nord-du-pays/","fr","False","","9892","Icilome","http://www.icilome.com/"
"47900067","2025-06-13 05:36:10","Élections sous tension au Togo : “Une moquerie du peuple”, selon Nathaniel Olympio","https://icilome.com/2025/06/elections-sous-tension-au-togo-une-moquerie-du-peuple-selon-nathaniel-olympio/","fr","False","","9892","Icilome","http://www.icilome.com/"
"47903375","2025-06-13 10:01:52","Togo : une partie de l’opposition et de la société civile demande le départ de Faure Gnassingbé","https://www.jeuneafrique.com/1696732/politique/togo-une-partie-de-lopposition-et-de-la-societe-civile-demande-le-depart-de-faure-gnassingbe/","fr","False","","10192","jeuneafrique.com","http://jeuneafrique.com/"
"47903651","2025-06-13 07:39:18","Democracy dominoes: When neighbours fall, who stands last? – IMANI","https://metrotvonline.com/democracy-dominoes-when-neighbours-fall-who-stands-last-imani/?utm_source=rss&utm_medium=rss&utm_campaign=democracy-dominoes-when-neighbours-fall-who-stands-last-imani","en","False","","10097","Metro TV ","https://metrotvonline.com/"
"47904050","2025-06-13 10:01:52","Togo : une partie de l’opposition et de la société civile demande le départ de Faure Gnassingbé","https://www.jeuneafrique.com/1696732/politique/togo-une-partie-de-lopposition-et-de-la-societe-civile-demande-le-depart-de-faure-gnassingbe/","fr","False","","9837","Seychelles : suivez tous les jours l’actualité du pays – Danny Faure – infos en temps réel","https://www.jeuneafrique.com/pays/seychelles/"
"47904165","2025-06-13 07:04:06","Togo : l’opposition réclame le départ de Faure Gnassingbé après deux décennies de pouvoir","https://africapresse.com/togo-lopposition-reclame-le-depart-de-faure-gnassingbe-apres-deux-decennies-de-pouvoir/","fr","False","","4863","Africa Presse","http://africapresse.com/"
"47905023","2025-06-13 08:41:29","USA : Engagement pour un accord de paix entre la RDC et le Rwanda","https://senego.com/usa-engagement-pour-un-accord-de-paix-entre-la-rdc-et-le-rwanda_1848215.html","fr","False","","737","Senego","http://senego.com/"
"47909954","2025-06-13 08:49:44","NewsLink 2025- 06- 13 Second Edition","https://wadr.org/newslink-2025-06-13-second-edition/","en","False","","991","WADR","https://www.wadr.org/"
"47910281","2025-06-13 10:11:42","Togo: Les grands titres du quotidien national (Togo Presse) et des journaux privés en kiosques ce vendredi 13 Juin 2025","https://www.savoirnews.net/blog/2025/06/13/togo-les-grands-titres-du-quotidien-national-togo-presse-et-des-journaux-prives-en-kiosques-ce-vendredi-13-juin-2025/","fr","False","","15231","Accueil - LA PREMIERE AGENCE DE PRESSE PRIVEE AU TOGO","https://www.savoirnews.net/"
"47910556","2025-06-13 07:18:21","Togo : L’étau djihadiste se resserre dans le nord du pays","https://togoactualite.com/togo-letau-djihadiste-se-resserre-dans-le-nord-du-pays/","fr","False","","16054","Togo Actualité - Premier site d'information du Togo","https://togoactualite.com/"
"47910555","2025-06-13 07:51:54","« Le peuple togolais en a assez » : l’ANC, les FDR et la société civile appellent à la désobéissance civile dès le 23 juin","https://togoactualite.com/le-peuple-togolais-en-a-assez-lanc-les-fdr-et-la-societe-civile-appellent-a-la-desobeissance-civile-des-le-23-juin/","fr","False","","16054","Togo Actualité - Premier site d'information du Togo","https://togoactualite.com/"
"47912584","2025-06-13 12:19:41","Togo: «Le président doit démissionner», exigent opposition et société civile","https://afriquemedia.tv/2025/06/13/togo-le-president-doit-demissionner-exigent-opposition-et-societe-civile/","fr","False","","14624","Accueil - Afrique Média","https://afriquemedia.tv/"
"47913944","2025-06-13 15:05:13","NAPTIP arrest members of organized trafficking network operating in Nigeria","https://thesun.ng/naptip-arrest-members-of-organized-trafficking-network-operating-in-nigeria/","en","False","","323","The Sun Nigeria","https://www.sunnewsonline.com"
"47915910","2025-06-13 17:08:46","Togo : des appels à la démission contre Faure Gnassingbé","https://lanouvelletribune.info/2025/06/togo-des-appels-a-la-demission-contre-faure-gnassingbe/","fr","False","","5038","Niger","https://lanouvelletribune.info/tag/niger/"
"47916004","2025-06-13 17:08:46","Togo : des appels à la démission contre Faure Gnassingbé","https://lanouvelletribune.info/2025/06/togo-des-appels-a-la-demission-contre-faure-gnassingbe/","fr","False","","5084","La Nouvelle Tribune","https://lanouvelletribune.info/"
"47916236","2025-06-13 16:36:35","NAPTIP, DIA bust transnational organized Human Trafficking Syndicate, arrest three Suspects, rescues 20 Foreign Nationals","https://sharpedgenews.com/naptip-dia-bust-transnational-organized-human-trafficking-syndicate-arrest-three-suspects-rescues-20-foreign-nationals/","en","False","","290","Sharp Edge News","http://www.sharpedgenews.com/index.php"
"47916231","2025-06-13 16:36:35","NAPTIP, DIA bust transnational organized Human Trafficking Syndicate, arrest three Suspects, rescues 20 Foreign Nationals","https://sharpedgenews.com/naptip-dia-bust-transnational-organized-human-trafficking-syndicate-arrest-three-suspects-rescues-20-foreign-nationals/","en","False","","937","Sharp Edge News ","http://www.sharpedgenews.com/"
"47916289","2025-06-13 16:19:13","RDC : Bintou Keita rencontre les autorités de l’AFC-M23 à Goma","https://lesvolcansnews.net/2025/06/13/rdc-bintou-keita-rencontre-les-autorites-de-lafc-m23-a-goma-un-moment-critique-dans-la-quete-de-paix/","fr","False","","16088","LES VOLCANS NEWS","https://lesvolcansnews.net/"
"47917690","2025-06-13 05:59:26","Togo: des opposants furieux appellent le peuple à désobéir","https://togotimes.info/togo-des-opposants-furieux-appellent-le-peuple-a-desobeir/","fr","False","","15233","Togotimes","https://togotimes.info/"
"47918453","2025-06-13 22:45:42","RDC et Rwanda : Troy Fitrell vise un accord de paix en juin ou juillet 2025.","https://senego.com/rdc-et-rwanda-troy-fitrell-vise-un-accord-de-paix-en-juin-ou-juillet-2025_1848455.html","fr","False","","737","Senego","http://senego.com/"
"47918893","2025-06-13 23:19:31","NAPTIP, DIA Bust Human Trafficking Syndicate, Rescue 20 Foreigners","https://leadership.ng/naptip-dia-bust-human-trafficking-syndicate-rescue-20-foreigners/","en","False","","371","Leadership Newspaper","https://leadership.ng"
"47919213","2025-06-14 00:06:22","Transnational Organised Human Trafficking Syndicate Busted in Nigeria","https://www.thisdaylive.com/2025/06/14/transnational-organised-human-trafficking-syndicate-busted-in-nigeria/","en","False","","324","THISDAYLIVE","https://www.thisdaylive.com"
"47921157","2025-06-14 03:37:28","NAPTIP, DIA Bust Suspected Human Trafficking Syndicate, Rescue 20 Victims","https://www.tori.ng/news/305609/naptip-dia-bust-suspected-human-trafficking-syndic.html","en","False","","307","Tori Nigeria News","https://www.tori.ng"
"47921474","2025-06-14 04:17:25","NAPTIP, DIA Bust Suspected Trans-Border Human Trafficking Syndicate, Rescue 20 Victims","https://newsinvestigatorsng.com/naptip-dia-bust-suspected-trans-border-human-trafficking-syndicate-rescue-20-victims/","en","False","","248","News Investigators","https://newsinvestigatorsng.com"
"47922041","2025-06-14 04:31:59","Human trafficking: NAPTIP, DIA bust syndicate, free 20 victims","https://www.icirnigeria.org/human-trafficking-naptip-dia-bust-syndicate-free-20-victims/","en","False","","12928","ICIR Nigeria","http://icirnigeria.org/"
"47922506","2025-06-14 02:32:43","NAPTIP, DIA bust suspected trans-border human trafficking syndicate, rescue 20","https://realnewsmagazine.net/naptip-dia-bust-suspected-trans-border-human-trafficking-syndicate-rescue-20/","en","False","","284","Realnews Magazine","https://realnewsmagazine.net"
"47925813","2025-06-14 01:46:10","NAPTIP, DIA Bust Trans-Border Human Trafficking Syndicate, Rescue 21 Victims Across Nigeria, Senegal","https://www.arise.tv/naptip-dia-bust-trans-border-human-trafficking-syndicate-rescue-21-victims-across-nigeria-senegal/","en","False","","8682","Arise TV","http://arise.tv/"
"47927944","2025-06-14 05:55:02","NAPTIP, DIA Bust Suspected Human Trafficking Syndicate, Rescue 20 Victims","https://www.torizone.com/posts/2025/06/165240-naptip-dia-bust-suspected-human-trafficking-syndicate-rescue-20","en","False","","243","NetNaija","https://www.thenetnaija.com"
"47929805","2025-06-14 11:24:44","Les FAT organisent une vaste campagne d’actions médicales gratuites","https://togotimes.info/les-fat-organisent-une-vaste-campagne-dactions-medicales-gratuites/","fr","False","","15233","Togotimes","https://togotimes.info/"
"47930005","2025-06-14 10:17:09","NAPTIP, DIA bust suspected trans-border human trafficking syndicate, rescue 20","https://theeagleonline.com.ng/naptip-dia-bust-suspected-trans-border-human-trafficking-syndicate-rescue-20/","en","False","","298","The Eagle Online","https://theeagleonline.com.ng"
"47931064","2025-06-14 04:04:25","Togo- Vingt ans, et après ?","https://icilome.com/2025/06/togo-vingt-ans-et-apres/","fr","False","","9892","Icilome","http://www.icilome.com/"
"47935014","2025-06-11 21:01:00","Togo's president faces calls to resign","https://www.kwemalafm.com/2025/06/togos-president-faces-calls-to-resign.html","en","False","","1403","Kwemala FM ","http://kwemalafm.com/"
"47936029","2025-06-14 11:00:20","Togo: vingt ans, et après ?","https://togoactualite.com/togo-vingt-ans-et-apres/","fr","False","","16054","Togo Actualité - Premier site d'information du Togo","https://togoactualite.com/"
"47938339","2025-06-15 01:05:00","Man is the sole dynamic in nature","https://tribuneonlineng.com/man-is-the-sole-dynamic-in-nature-2/","en","False","","321","Nigerian Tribune","https://tribuneonlineng.com"
"47940103","2025-06-15 04:04:14","« Choisir le bien plutôt que le pouvoir » : l’interpellation du prof Wolou Komi à Faure Gnassingbé","https://icilome.com/2025/06/choisir-le-bien-plutot-que-le-pouvoir-linterpellation-du-prof-wolou-komi-a-faure-gnassingbe/","fr","False","","9892","Icilome","http://www.icilome.com/"
"47940793","2025-06-12 18:32:17","Zaga Bambo : Un Artiste en Rage contre la Dictature au Togo","https://letempstg.com/2025/06/12/zaga-bambo-un-artiste-en-rage-contre-la-dictature-au-togo/?utm_source=rss&utm_medium=rss&utm_campaign=zaga-bambo-un-artiste-en-rage-contre-la-dictature-au-togo","fr","False","","9893","Le Temps - Infos du Togo et d'ailleurs - Le Temps","http://letempstg.com/"
"47941463","2025-06-15 05:23:10","[Edito] Togo- Mouvement des Sages UNIR : Quand le silence trahit la nation","https://icilome.com/2025/06/edito-togo-mouvement-des-sages-unir-quand-le-silence-trahit-la-nation/","fr","False","","9892","Icilome","http://www.icilome.com/"
"47946506","2025-06-15 11:02:00","« Choisir le bien plutôt que le pouvoir » : l’interpellation du prof Wolou Komi à Faure Gnassingbé","https://togoactualite.com/choisir-le-bien-plutot-que-le-pouvoir-linterpellation-du-prof-wolou-komi-a-faure-gnassingbe/","fr","False","","16054","Togo Actualité - Premier site d'information du Togo","https://togoactualite.com/"
"47946505","2025-06-15 11:04:54","[Edito] Togo- Mouvement des Sages UNIR : Quand le silence trahit la nation","https://togoactualite.com/edito-togo-mouvement-des-sages-unir-quand-le-silence-trahit-la-nation/","fr","False","","16054","Togo Actualité - Premier site d'information du Togo","https://togoactualite.com/"
"47949310","2025-06-15 13:30:42","Togo : Faure Gnassingbé invité au premier sommet économique de l’Afrique de l’ouest à Abuja","https://www.savoirnews.net/blog/2025/06/15/togo-faure-gnassingbe-invite-au-premier-sommet-economique-de-lafrique-de-louest-a-lagos/","fr","False","","15231","Accueil - LA PREMIERE AGENCE DE PRESSE PRIVEE AU TOGO","https://www.savoirnews.net/"
"47949377","2025-06-15 13:07:33","Faure Gnassingbé invité au 1er Sommet économique de l’Afrique de l’ouest","https://togoenlive.tg/faure-gnassingbe-invite-au-1er-sommet-economique-de-lafrique-de-louest/?utm_source=rss&utm_medium=rss&utm_campaign=faure-gnassingbe-invite-au-1er-sommet-economique-de-lafrique-de-louest","fr","False","","16056","Togoenlive - L'actualité togolaise en direct","https://togoenlive.tg/"
"47952752","2025-06-15 17:41:46","Togo: M Faure Gnassingbé a échangé avec l’envoyée spéciale de Bola Tinubu","https://togotimes.info/togo-m-faure-gnassingbe-a-echange-avec-lenvoyee-speciale-de-bola-tinubu/","fr","False","","15233","Togotimes","https://togotimes.info/"
"47953548","2025-06-15 12:08:00","Escalade entre l’Iran et Israël : Tensions sur le nucléaire, tirs, bombardements et appels à évacuer, ce qu’il faut retenir ce dimanche","https://www.savoirnews.net/blog/2025/06/15/escalade-entre-liran-et-israel-tensions-sur-le-nucleaire-tirs-bombardements-et-appels-a-evacuer-ce-quil-faut-retenir-ce-dimanche/","fr","False","","15231","Accueil - LA PREMIERE AGENCE DE PRESSE PRIVEE AU TOGO","https://www.savoirnews.net/"
"47954167","2025-06-14 08:00:08","Togo: Les manifestations pacifiques sont un « délit » dans la dictature de Faure Gnassingbé","https://www.27avril.com/blog/actualites/politiques/togo-les-manifestations-pacifiques-sont-un-delit-dans-la-dictature-de-faure-gnassingbe","fr","False","","15228","Nouvelles d'actualité au Togo et dans le Monde - 27avril.com","https://www.27avril.com/"
"47954166","2025-06-15 13:32:57","Togo: vingt ans, et après?","https://www.27avril.com/blog/opinion/togo-vingt-ans-et-apres","fr","False","","15228","Nouvelles d'actualité au Togo et dans le Monde - 27avril.com","https://www.27avril.com/"
"47959172","2025-06-16 05:11:54","Les habits neufs de l’empereur Manssah","https://icilome.com/2025/06/les-habits-neufs-de-lempereur-manssah/","fr","False","","9892","Icilome","http://www.icilome.com/"
"47962567","2025-06-16 06:25:57","CONTEXTE MANQUANT : Cette vidéo de manifestations au Togo ne date pas de 2025","https://pesacheck.org/contexte-manquant-cette-vid%C3%A9o-de-manifestations-au-togo-ne-date-pas-de-2025-8365d14291e7?source=rss----ab41f21aa9a9---4","fr","False","","12696","PesaCheck","https://pesacheck.org/"
"47964327","2025-06-16 07:35:29","Togo : indemnisation à Dankpen, mobilisation en vue à Lomé","https://icilome.com/2025/06/togo-indemnisation-a-dankpen-mobilisation-en-vue-a-lome/","fr","False","","9892","Icilome","http://www.icilome.com/"
"47964326","2025-06-16 07:55:28","Savi de Tové et Faure Gnassingbé aux abonnés absents – Le pouvoir désormais dans la rue","https://icilome.com/2025/06/savi-de-tove-et-faure-gnassingbe-aux-abonnes-absents-le-pouvoir-desormais-dans-la-rue/","fr","False","","9892","Icilome","http://www.icilome.com/"
"47964325","2025-06-16 08:54:16","Panafricanism or political facade? Controversial MANSSAH summit faces boycott calls in Togo","https://icilome.com/2025/06/panafricanism-or-political-facade-controversial-manssah-summit-faces-boycott-calls-in-togo/","en","False","","9892","Icilome","http://www.icilome.com/"
"47969138","2025-06-16 06:10:24","Trump veut bannir 25 autres pays africains : l’Algérie est-elle dans la liste ?","https://www.algerie360.com/trump-veut-bannir-25-autres-pays-africains-lalgerie-est-elle-dans-la-liste/","fr","False","","5127","Algerie360 - Actualité et Information sur l'Algérie","http://algerie360.com/"
"47969973","2025-06-16 11:13:04","Le Togo suspend France 24 et RFI, en pleine tension politique","https://icilome.com/2025/06/le-togo-suspend-france-24-et-rfi-en-pleine-tension-politique/","fr","False","","9892","Icilome","http://www.icilome.com/"
"47969971","2025-06-16 11:44:35","French media suspended in Togo as protests escalate","https://icilome.com/2025/06/french-media-suspended-in-togo-as-protests-escalate/","en","False","","9892","Icilome","http://www.icilome.com/"
"47970891","2025-06-16 12:28:00","Togo: les médias français RFI et France 24 suspendues pour trois mois","https://www.dakaractu.com/Togo-les-medias-francais-RFI-et-France-24-suspendues-pour-trois-mois_a262432.html","fr","False","","723","Dakar Actu","http://dakaractu.com/"
"47970939","2025-06-16 09:24:12","Togo: Les grands titres du quotidien national (Togo Presse) et des journaux privés en kiosques lundi 16 Juin 2025","https://www.savoirnews.net/blog/2025/06/16/togo-les-grands-titres-du-quotidien-national-togo-presse-et-des-journaux-prives-en-kiosques-lundi-16-juin-2025/","fr","False","","15231","Accueil - LA PREMIERE AGENCE DE PRESSE PRIVEE AU TOGO","https://www.savoirnews.net/"
"47972391","2025-06-16 14:25:16","Coup de pression médiatique au Togo : RFI et France 24 réduits au silence","https://senego.com/coup-de-pression-mediatique-a-lome-rfi-et-france-24-reduits-au-silence_1849349.html","fr","False","","737","Senego","http://senego.com/"
"47973348","2025-06-16 09:07:11","Togo: Savi de Tové et Faure Gnassingbé aux Abonnés Absents. Le Pouvoir Désormais dans la Rue.","https://www.27avril.com/blog/opinion/togo-savi-de-tove-et-faure-gnassingbe-aux-abonnes-absents-le-pouvoir-desormais-dans-la-rue","fr","False","","15228","Nouvelles d'actualité au Togo et dans le Monde - 27avril.com","https://www.27avril.com/"
"47973347","2025-06-16 09:18:22","Le Togo des anormalités, une tragédie sans fin…","https://www.27avril.com/blog/actualites/politiques/le-togo-des-anormalites-une-tragedie-sans-fin","fr","False","","15228","Nouvelles d'actualité au Togo et dans le Monde - 27avril.com","https://www.27avril.com/"
"47976322","2025-06-16 17:57:04","Notícias “tendenciosas” levam suspensão da RFI e France 24 no Togo","https://correiokianda.info/noticias-tendenciosas-levam-suspensao-da-rfi-e-france-24-no-togo/","pt","False","","5227","Correio Kianda - A verdade em notícia","https://correiokianda.info/"
"47976375","2025-06-16 13:25:55","Les habits neufs de l’empereur Manssah","https://togoactualite.com/les-habits-neufs-de-lempereur-manssah/","fr","False","","16054","Togo Actualité - Premier site d'information du Togo","https://togoactualite.com/"
"47981204","2025-06-17 02:27:26","Five things to know to start your Tuesday","https://businessday.ng/news/article/five-things-to-know-to-start-your-tuesday-102/","en","False","","395","Business Day Nigeria","https://businessday.ng"
"47981785","2025-06-17 03:31:15","All of Africa Today - June 17, 2025","https://allafrica.com/stories/202506170082.html","en","False","","4790","Uganda -- Home","https://allafrica.com/uganda/"
"47981827","2025-06-17 03:38:14","Togo suspends French state-owned broadcasters RFI and France 24 for alleged biased reporting","https://www.myjoyonline.com/togo-suspends-french-state-owned-broadcasters-rfi-and-france-24-for-alleged-biased-reporting/","en","False","","3036","Joy News","http://myjoyonline.com/"
"47982059","2025-06-17 03:31:15","All of Africa Today - June 17, 2025","https://allafrica.com/stories/202506170082.html","en","False","","12778","All Africa ","https://allafrica.com/southafrica/"
"47982315","2025-06-17 03:31:00","Africa: All of Africa Today – June 17, 2025","https://allafrica.com/stories/202506170082.html","en","False","","510","News South Africa","https://news.co.za"
"47982665","2025-06-17 04:35:13","Togo suspends French broadcasters RFI, France 24 for three months","https://mwanzotv.com/togo-suspends-french-broadcasters-rfi-france-24-for-three-months/?utm_source=rss&utm_medium=rss&utm_campaign=togo-suspends-french-broadcasters-rfi-france-24-for-three-months","en","False","","16551","Mwanzo TV","https://mwanzotv.com/"
"47982737","2025-06-17 03:31:15","Africa: All of Africa Today - June 17, 2025","https://allafrica.com/stories/202506170082.html","en","False","","1556","allafrica.com","http://allafrica.com/"
"47983115","2025-06-17 03:31:15","All of Africa Today - June 17, 2025","https://allafrica.com/stories/202506170082.html","en","False","","119","All Africa","http://allafrica.com/kenya/"
"47983100","2025-06-17 03:31:15","All of Africa Today - June 17, 2025","https://allafrica.com/stories/202506170082.html","en","False","","118","AllAfrica News: Kenya","http://allafrica.com/tools/headlines/rdf/kenya/headlines.rdf"
"47986623","2025-06-17 03:17:59","Two French-linked media platforms, RFI and France 24, suspended in Togo amid protests","https://www.torizone.com/posts/2025/06/165366-french-linked-media-platforms-rfi-france-24-suspended-togo-amid","en","False","","243","NetNaija","https://www.thenetnaija.com"
"47986899","2025-06-17 05:00:51","Togo- Suspension de RFI et France 24 : l’ANC dénonce une atteinte grave à la liberté de la presse","https://icilome.com/2025/06/togo-suspension-de-rfi-et-france-24-lanc-denonce-une-atteinte-grave-a-la-liberte-de-la-presse/","fr","False","","9892","Icilome","http://www.icilome.com/"
"47986895","2025-06-17 07:08:40","Nouvelle passe magistrale de Talon en direction du Togo","https://icilome.com/2025/06/nouvelle-passe-magistrale-de-talon-en-direction-du-togo/","fr","False","","9892","Icilome","http://www.icilome.com/"
"47987861","2025-06-17 07:11:34","Togo suspends French state-owned broadcasters RFI and France 24 for alleged biased reporting","https://www.gbcghanaonline.com/africa/togo-suspends/2025/","en","False","","13152","GBC Ghana Online","https://www.gbcghanaonline.com/"
"47989669","2025-06-17 07:27:28","Togo suspends French state-owned broadcasters RFI and France 24 for alleged biased reporting","https://ghananewss.com/togo-suspends-french-state-owned-broadcasters-rfi-and-france-24-for-alleged-biased-reporting/","en","False","","10079","Ghana News Online","https://ghananewss.com/"
"47990072","2025-06-17 08:58:41","RDC: avec l'appui de la Monusco, le CNS remobilise les experts, corps diplomatique et bailleurs pour accélérer et réussir la réforme du secteur de la sécurité","https://actualite.cd/2025/06/17/rdc-avec-lappui-de-la-monusco-le-cns-remobilise-les-experts-corps-diplomatique-et","fr","False","","4937"," D'actualité.CD","https://actualite.cd/"
"47992257","2025-06-17 10:20:26","Togo suspends French broadcasters RFI, France 24 for three months","https://asaaseradio.com/togo-suspends-french-broadcasters-rfi-france-24-for-three-months/?utm_source=rss&utm_medium=rss&utm_campaign=togo-suspends-french-broadcasters-rfi-france-24-for-three-months","en","False","","10148","Asaase Radio","https://asaaseradio.com/"
"47992488","2025-06-17 05:55:05","Togo : Un rapport international dénonce des violences policières et des violations des droits humains lors des manifestations des 5 et 6 juin","https://togoactualite.com/togo-un-rapport-international-denonce-des-violences-policieres-et-des-violations-des-droits-humains-lors-des-manifestations-des-5-et-6-juin/","fr","False","","16054","Togo Actualité - Premier site d'information du Togo","https://togoactualite.com/"
"47995461","2025-06-17 12:06:10","GBA donated $1,500 and covered casket costs for Oluwasegu’s family after the Sports Ministry refused aid – Prez","https://rainbowradioonline.com/2025/06/17/gba-donated-1500-and-covered-casket-costs-for-oluwasegus-family-after-the-sports-ministry-refused-aid-prez/","en","False","","10128","Rainbow Radio International","https://www.rainbowradioonline.com/"
"48002171","2025-06-17 15:00:29","Togo : les médias français France 24 et RFI suspendus pour trois mois","https://agpgabon.ga/togo-les-medias-francais-france-24-et-rfi-suspendus-pour-trois-mois/","fr","False","","14832","Accueil - AGP - Agence Gabonaise de Presse","https://agpgabon.ga/"
"48004900","2025-06-16 10:41:09","Togo – Criminalité faunique : 3 présumés trafiquants arrêtés en possession d’une grosse défense d’éléphant puis déposés","https://ladepechedabidjan.info/2025/06/16/togo-criminalite-faunique-3-presumes-trafiquants-arretes-en-possession-dune-grosse-defense-delephant-puis-deposes/","fr","False","","10044","La Dépêche d'Abidjan","https://www.ladepechedabidjan.info/"
"48011889","2025-06-18 06:00:36","Togo : des ménages vont encore recevoir des transferts monétaires cette année","https://togotimes.info/togo-des-menages-vont-encore-recevoir-des-transferts-monetaires-cette-annee/","fr","False","","15233","Togotimes","https://togotimes.info/"
"48016039","2025-06-18 08:31:04","RDC-USA-Contrat “Sécurité et Minerais”: Les Doyens de la société civile interpellent Washington","https://depeche.cd/2025/06/18/rdc-usa-contrat-securite-et-minerais-les-doyens-de-la-societe-civile-interpellent-washington/","fr","False","","4949","Dépêche.cd","https://depeche.cd/"
"48017676","2025-06-18 09:27:49","Togo: Les grands titres du quotidien national (Togo Presse) et des journaux privés en kiosques ce mercredi 18 Juin 2025","https://www.savoirnews.net/blog/2025/06/18/togo-les-grands-titres-du-quotidien-national-togo-presse-et-des-journaux-prives-en-kiosques-ce-mercredi-18-juin-2025/","fr","False","","15231","Accueil - LA PREMIERE AGENCE DE PRESSE PRIVEE AU TOGO","https://www.savoirnews.net/"
"48017992","2025-06-18 09:01:27","Togo suspends French broadcasters RFI and France 24 over ‘biased’ coverage amid growing unrest","https://businessday.ng/africa/article/togo-suspends-french-broadcasters-rfi-and-france-24-over-biased-coverage-amid-growing-unrest/","en","False","","395","Business Day Nigeria","https://businessday.ng"
"48018078","2025-06-18 01:42:14","Togo suspends French broadcasters, RFI and France 24 for repeated biased reporting","https://zambianobserver.com/togo-suspends-french-broadcasters-rfi-and-france-24-for-repeated-biased-reporting/","en","False","","7914","zambianobserver.com","http://zambianobserver.com/"
"48025375","2025-06-18 08:44:02","Réforme du Secteur de la Sécurité (RSS), RDC-ONU : une priorité majeure pour les autorités congolaises","https://laprosperiteonline.net/2025/06/18/reforme-du-secteur-de-la-securite-rss-rdc-onu-une-priorite-majeure-pour-les-autorites-congolaises/","fr","False","","4960","Journal la Prospérité","https://laprosperiteonline.net/"
"48026639","2025-06-18 02:38:00","Togo- Amnesty International appelle les autorités à enquêter sur les allégations de torture et à mettre fin à la répression des voix dissidentes","https://icilome.com/2025/06/togo-amnesty-international-appelle-les-autorites-a-enqueter-sur-les-allegations-de-torture-et-a-mettre-fin-a-la-repression-des-voix-dissidentes/","fr","False","","9892","Icilome","http://www.icilome.com/"
"48026635","2025-06-18 06:25:11","Amnesty International urges investigation into torture allegations in Togo","https://icilome.com/2025/06/amnesty-international-urges-investigation-into-torture-allegations-in-togo/","en","False","","9892","Icilome","http://www.icilome.com/"
"48026634","2025-06-18 06:33:06","Togo : La Conférence MANSSAH reportée en raison des tensions sociopolitiques","https://icilome.com/2025/06/togo-la-conference-manssah-reportee-en-raison-des-tensions-sociopolitiques/","fr","False","","9892","Icilome","http://www.icilome.com/"
"48030951","2025-06-18 06:00:42","Togo- Amnesty International appelle les autorités à enquêter sur les allégations de torture et à mettre fin à la répression des voix dissidentes","https://togoactualite.com/togo-amnesty-international-appelle-les-autorites-a-enqueter-sur-les-allegations-de-torture-et-a-mettre-fin-a-la-repression-des-voix-dissidentes/","fr","False","","16054","Togo Actualité - Premier site d'information du Togo","https://togoactualite.com/"
"48032703","2025-06-18 16:48:50","Togo: inauguration de l’usine de textile Star Garments par M Faure Gnassingbé","https://togotimes.info/togo-inauguration-de-lusine-de-textile-star-garments-par-m-faure-gnassingbe/","fr","False","","15233","Togotimes","https://togotimes.info/"
"48033153","2025-06-18 17:55:22","Togo : Le président du Conseil inaugure l’usine textile Star Garments à la PIA, 13 milliards de FCFA investis (REPORTAGE)","https://www.savoirnews.net/blog/2025/06/18/togo-le-president-du-conseil-inaugure-lusine-textile-star-garments-a-la-pia-13-milliards-de-fcfa-investis-reportage/","fr","False","","15231","Accueil - LA PREMIERE AGENCE DE PRESSE PRIVEE AU TOGO","https://www.savoirnews.net/"
"48033712","2025-06-18 22:06:32.835540","Togo : Faure Gnassingbé fait suspendre Rfi et France24 pour organiser « sa sauvagerie » à huis clos","http://www.africain.info/news=11004560","fr","False","","13070","Africain.info","http://www.africain.info"
"48034921","2025-06-19 00:06:35.665154","Togo : Faure Gnassingbé fait suspendre Rfi et France24 pour organiser « sa sauvagerie » à huis clos","http://www.africain.info/news=11004560","fr","False","","10178","Sierra-Leone.info","http://www.sierra-leone.info/"
"48037457","2025-06-19 02:38:00","Faure Gnassingbé comme en 2005 : Toujours des débuts difficilement acceptés","https://www.linfodrome.com/international/110515-faure-gnassingbe-comme-en-2005-toujours-des-debuts-difficilement-acceptes","fr","False","","10047","L'actualité ivoirienne indépendante de Côte d'Ivoire | Linfodrome","https://www.linfodrome.com/"
"48038875","2025-06-18 17:01:00","La Cour constitutionnelle du Togo : Son rôle, ses attributions et sa jurisprudence présentés aux acteurs locaux de la région des Savanes","https://www.savoirnews.net/blog/2025/06/18/la-cour-constitutionnelle-du-togo-son-role-ses-attributions-et-sa-jurisprudence-presentes-aux-acteurs-locaux-de-la-region-des-savanes/","fr","False","","15231","Accueil - LA PREMIERE AGENCE DE PRESSE PRIVEE AU TOGO","https://www.savoirnews.net/"
"48041561","2025-06-19 02:12:00","Togo- Faure Gnassingbé inaugure l’usine textile Star Garments à la PIA","https://icilome.com/2025/06/togo-faure-gnassingbe-inaugure-lusine-textile-star-garments-a-la-pia/","fr","False","","9892","Icilome","http://www.icilome.com/"
"48041558","2025-06-19 04:29:04","Togo : la suspension de RFI et France 24 dénoncée comme une manœuvre de diversion","https://icilome.com/2025/06/togo-la-suspension-de-rfi-et-france-24-denoncee-comme-une-manoeuvre-de-diversion/","fr","False","","9892","Icilome","http://www.icilome.com/"
"48041559","2025-06-19 03:08:00","Togo- Manifestations du 6 juin: Des images accablantes circulent, le gouvernement nie toute torture","https://icilome.com/2025/06/togo-manifestations-du-6-juin-des-images-accablantes-circulent-le-gouvernement-nie-toute-torture/","fr","False","","9892","Icilome","http://www.icilome.com/"
"48041986","2025-06-19 05:24:07","Faure Gnassingbé comme en 2005 : Toujours des débuts difficilement acceptés","https://abidjantv.net/afrique-3/faure-gnassingbe-comme-en-2005-toujours-des-debuts-difficilement-acceptes/?utm_source=rss&utm_medium=rss&utm_campaign=faure-gnassingbe-comme-en-2005-toujours-des-debuts-difficilement-acceptes","fr","False","","10024","AbidjanTV.net","http://abidjantv.net/"
"48042894","2025-06-18 08:11:22","Togo: Faure Gnassingbé fait suspendre Rfi et France24 pour organiser « sa sauvagerie » à huis clos","https://www.27avril.com/blog/actualites/politiques/togo-faure-gnassingbe-fait-suspendre-rfi-et-france24-pour-organiser-sa-sauvagerie-a-huis-clos","fr","False","","15228","Nouvelles d'actualité au Togo et dans le Monde - 27avril.com","https://www.27avril.com/"
"48042892","2025-06-18 20:01:25","Nouvelle passe magistrale de Talon en direction du Togo","https://www.27avril.com/blog/actualites/ailleurs-en-afrique/nouvelle-passe-magistrale-de-talon-en-direction-du-togo","fr","False","","15228","Nouvelles d'actualité au Togo et dans le Monde - 27avril.com","https://www.27avril.com/"
"48044009","2025-06-19 06:21:00","Togo : Faure Gnassingbé inaugure Star Garments à la PIA","https://www.afrique-sur7.fr/togo-faure-gnassingbe-inaugure-star-garments-a-la-pia","fr","False","","16837","Afrique Sur 7","https://www.afrique-sur7.fr/"
"48047998","2025-06-19 08:46:06","Togo: sortie du territoire national, mission à l’étranger etc, il faut l’approbation du PC","https://togotimes.info/togo-sortie-du-territoire-national-mission-a-letranger-etc-il-faut-lapprobation-du-pc/","fr","False","","15233","Togotimes","https://togotimes.info/"
"48048328","2025-06-19 02:41:26","Togo: Faure Gnassingbé fait suspendre Rfi et France24 pour organiser « sa sauvagerie » à huis clos","https://togoactualite.com/togo-faure-gnassingbe-fait-suspendre-rfi-et-france24-pour-organiser-sa-sauvagerie-a-huis-clos/","fr","False","","16054","Togo Actualité - Premier site d'information du Togo","https://togoactualite.com/"
"48048326","2025-06-19 08:20:24","Togo : La Conférence MANSSAH reportée en raison des tensions sociopolitiques","https://togoactualite.com/togo-la-conference-manssah-reportee-en-raison-des-tensions-sociopolitiques/","fr","False","","16054","Togo Actualité - Premier site d'information du Togo","https://togoactualite.com/"
"48048501","2025-06-19 08:00:33","Afrique : vers un nouveau pacte économique ouest-africain","https://africa24tv.com/afrique-vers-un-nouveau-pacte-economique-ouest-africain?utm_source=rss&utm_medium=rss&utm_campaign=afrique-vers-un-nouveau-pacte-economique-ouest-africain","fr","False","","16529","Burkina Faso","https://africa24tv.com/burkina-faso-2/"
"48048775","2025-06-19 08:00:33","Afrique : vers un nouveau pacte économique ouest-africain","https://africa24tv.com/afrique-vers-un-nouveau-pacte-economique-ouest-africain?utm_source=rss&utm_medium=rss&utm_campaign=afrique-vers-un-nouveau-pacte-economique-ouest-africain","fr","False","","16627","Africa24 TV","https://africa24tv.com/"
"48050827","2025-06-19 10:49:07","Togo/Suspension de RFI et France 24 : l’ASVITTO dénonce une manœuvre de diversion du régime togolais","https://togoactualite.com/togo-suspension-de-rfi-et-france-24-lasvitto-denonce-une-manoeuvre-de-diversion-du-regime-togolais/","fr","False","","16054","Togo Actualité - Premier site d'information du Togo","https://togoactualite.com/"
"48052299","2025-06-19 11:54:01","Médiateur dans le conflit RDC-Rwanda : Le Togo obtient le soutien de l’OIF","https://www.savoirnews.net/blog/2025/06/19/mediateur-dans-le-conflit-rdc-rwanda-le-togo-obtient-le-soutien-de-loif/","fr","False","","15231","Accueil - LA PREMIERE AGENCE DE PRESSE PRIVEE AU TOGO","https://www.savoirnews.net/"
"48053148","2025-06-19 12:31:44","Togo : Le point sur l’actualité de ce jeudi 19 Juin 2025","https://www.savoirnews.net/blog/2025/06/19/togo-le-point-sur-lactualite-de-ce-jeudi-19-juin-2025/","fr","False","","15231","Accueil - LA PREMIERE AGENCE DE PRESSE PRIVEE AU TOGO","https://www.savoirnews.net/"
"48059841","2025-06-19 02:32:46","Togo: l’usine textile de Star Garments inaugurée à la PIA","https://togoenlive.tg/togo-lusine-textile-de-star-garments-inauguree-a-la-pia/?utm_source=rss&utm_medium=rss&utm_campaign=togo-lusine-textile-de-star-garments-inauguree-a-la-pia","fr","False","","16056","Togoenlive - L'actualité togolaise en direct","https://togoenlive.tg/"
"48059836","2025-06-19 16:18:53","Médiation Rwanda-RDC: le Togo bénéficie d’un nouveau soutien","https://togoenlive.tg/mediation-rwanda-rdc-le-togo-beneficie-dun-nouveau-soutien/?utm_source=rss&utm_medium=rss&utm_campaign=mediation-rwanda-rdc-le-togo-beneficie-dun-nouveau-soutien","fr","False","","16056","Togoenlive - L'actualité togolaise en direct","https://togoenlive.tg/"
"48068698","2025-06-20 04:49:24","Togo : les admis à la fonction publique sont interpellés","https://www.afrique-sur7.fr/togo-les-admis-a-la-fonction-publique-sont-interpelles","fr","False","","16837","Afrique Sur 7","https://www.afrique-sur7.fr/"
"48075125","2025-06-20 03:31:36","Installation de l’usine textile Star Garments à la PIA: Que savoir du choix du Togo","https://togoenlive.tg/installation-de-lusine-textile-star-garments-a-la-pia-que-savoir-du-choix-du-togo/?utm_source=rss&utm_medium=rss&utm_campaign=installation-de-lusine-textile-star-garments-a-la-pia-que-savoir-du-choix-du-togo","fr","False","","16056","Togoenlive - L'actualité togolaise en direct","https://togoenlive.tg/"
"48075415","2025-06-20 04:09:17","Calls for Gnassingbé’s resignation spark fresh protests","https://wadr.org/calls-for-gnassingbes-resignation-spark-fresh-protests/","en","False","","991","WADR","https://www.wadr.org/"
"48077526","2025-06-20 10:53:05","Togo: Les grands titres du quotidien national (Togo Presse) et des journaux privés en kiosques ce vendredi 20 Juin 2025","https://www.savoirnews.net/blog/2025/06/20/togo-les-grands-titres-du-quotidien-national-togo-presse-et-des-journaux-prives-en-kiosques-ce-vendredi-20-juin-2025/","fr","False","","15231","Accueil - LA PREMIERE AGENCE DE PRESSE PRIVEE AU TOGO","https://www.savoirnews.net/"
"48084611","2025-06-20 03:35:14","[Edito] Togo- Qui fait la République ? L’homme ou les institutions ?","https://icilome.com/2025/06/edito-togo-qui-fait-la-republique-lhomme-ou-les-institutions/","fr","False","","9892","Icilome","http://www.icilome.com/"
"48084608","2025-06-20 04:54:26","Togo – Municipales 2025 : L’ANC rejette un processus électoral “illégal” et exige des réformes immédiates","https://icilome.com/2025/06/togo-municipales-2025-lanc-rejette-un-processus-electoral-illegal-et-exige-des-reformes-immediates/","fr","False","","9892","Icilome","http://www.icilome.com/"
"48084607","2025-06-20 05:09:30","Manifestations du 6 juin:  CODITOGO dénonce le silence de la CNDH face aux actes de torture au Togo","https://icilome.com/2025/06/manifestations-du-6-juin-coditogo-denonce-le-silence-de-la-cndh-face-aux-actes-de-torture-au-togo/","fr","False","","9892","Icilome","http://www.icilome.com/"
"48084606","2025-06-20 05:24:53","Suspension de RFI et France 24 au Togo : la CGT dénonce une dérive autoritaire","https://icilome.com/2025/06/suspension-de-rfi-et-france-24-au-togo-la-cgt-denonce-une-derive-autoritaire/","fr","False","","9892","Icilome","http://www.icilome.com/"
"48084599","2025-06-20 08:54:55","Le Togo des anormalités, une tragédie sans fin…","https://icilome.com/2025/06/le-togo-des-anormalites-une-tragedie-sans-fin/","fr","False","","9892","Icilome","http://www.icilome.com/"
"48087714","2025-06-20 09:04:16","Togo : lettre ouverte au président de la CNDH","https://togoactualite.com/togo-lettre-ouverte-au-president-de-la-cndh/","fr","False","","16054","Togo Actualité - Premier site d'information du Togo","https://togoactualite.com/"
"48087713","2025-06-20 15:31:54","Edito : Qui fait la République ? L’homme ou les institutions ?","https://togoactualite.com/edito-qui-fait-la-republique-lhomme-ou-les-institutions/","fr","False","","16054","Togo Actualité - Premier site d'information du Togo","https://togoactualite.com/"
"48089640","2025-06-20 22:00:46","High cocoa prices drive smuggling surge, alarming traders","https://www.moneyweb.co.za/news/africa/high-cocoa-prices-drive-smuggling-surge-alarming-traders/","en","False","","508","Moneyweb","https://www.moneyweb.co.za"
"48095295","2025-06-21 05:22:53","Togo- la DMK et le FLN soutiennent les manifestations des 26, 27 et 28 juin","https://icilome.com/2025/06/togo-la-dmk-et-le-fln-soutiennent-les-manifestations-des-26-27-et-28-juin/","fr","False","","9892","Icilome","http://www.icilome.com/"
"48095289","2025-06-21 08:13:12","Togo – Les prochains jours seront déterminants","https://icilome.com/2025/06/togo-les-prochains-jours-seront-determinants/","fr","False","","9892","Icilome","http://www.icilome.com/"
"48100537","2025-06-21 13:33:37","Togo : inauguration de l’usine textile Star Garments, 4 520 emplois attendus d’ici 2030","https://africa24tv.com/togo-inauguration-de-lusine-textile-star-garments-4-520-emplois-attendus-dici-2030?utm_source=rss&utm_medium=rss&utm_campaign=togo-inauguration-de-lusine-textile-star-garments-4-520-emplois-attendus-dici-2030","fr","False","","16529","Burkina Faso","https://africa24tv.com/burkina-faso-2/"
"48100653","2025-06-21 13:33:37","Togo : inauguration de l’usine textile Star Garments, 4 520 emplois attendus d’ici 2030","https://africa24tv.com/togo-inauguration-de-lusine-textile-star-garments-4-520-emplois-attendus-dici-2030?utm_source=rss&utm_medium=rss&utm_campaign=togo-inauguration-de-lusine-textile-star-garments-4-520-emplois-attendus-dici-2030","fr","False","","16627","Africa24 TV","https://africa24tv.com/"
"48105153","2025-06-21 18:59:08","Togo : Libération du rappeur togolais Aamron interpellé fin mai","https://www.savoirnews.net/blog/2025/06/22/togo-liberation-du-rappeur-togolais-aamron-interpelle-fin-mai/","fr","False","","15231","Accueil - LA PREMIERE AGENCE DE PRESSE PRIVEE AU TOGO","https://www.savoirnews.net/"
"48105612","2025-06-21 03:18:00","Suspension de RFI et France 24 pour trois mois","https://africtelegraph.com/blog/2025/06/21/suspension-de-rfi-et-france-24-pour-trois-mois/","fr","False","","14835","Africtelegraph: l'actualité du continent africain","https://africtelegraph.com/"
"48106324","2025-06-21 21:35:00","Man is the sole dynamic in nature","https://tribuneonlineng.com/man-is-the-sole-dynamic-in-nature-3/","en","False","","321","Nigerian Tribune","https://tribuneonlineng.com"
"48106810","2025-06-21 23:11:23","Togo: voix critique du pouvoir de Faure Gnassingbé, le rappeur Aamron a été libéré","https://www.rfi.fr/fr/afrique/20250622-togo-voix-critique-du-pouvoir-de-faure-gnassingb%C3%A9-le-rappeur-aamron-a-%C3%A9t%C3%A9-lib%C3%A9r%C3%A9","fr","False","","14598","Écouter RFI Afrique en direct - RFI","https://www.rfi.fr/fr/direct-afrique"
"48115938","2025-06-22 10:52:59","Togo : le rappeur Aamron libéré","https://abidjantv.net/celebrites/togo-le-rappeur-aamron-libere/?utm_source=rss&utm_medium=rss&utm_campaign=togo-le-rappeur-aamron-libere","fr","False","","10024","AbidjanTV.net","http://abidjantv.net/"
"48122155","2025-06-22 06:26:31","Togo : La libération d’Aamron ne freine pas la mobilisation populaire","https://icilome.com/2025/06/togo-la-liberation-daamron-ne-freine-pas-la-mobilisation-populaire/","fr","False","","9892","Icilome","http://www.icilome.com/"
"48122154","2025-06-22 06:35:36","Togo unrest persists despite Aamron’s release","https://icilome.com/2025/06/togo-unrest-persists-despite-aamrons-release/","en","False","","9892","Icilome","http://www.icilome.com/"
"48122153","2025-06-22 07:09:04","Les Togolais en Allemagne lancent la mobilisation contre le régime de Lomé","https://icilome.com/2025/06/les-togolais-en-allemagne-lancent-la-mobilisation-contre-le-regime-de-lome/","fr","False","","9892","Icilome","http://www.icilome.com/"
"48123254","2025-06-22 09:57:12","Au Togo, le rappeur Aamron a été libéré","https://www.jeuneafrique.com/1699708/politique/au-togo-le-rappeur-aamron-a-ete-libere/","fr","False","","9837","Seychelles : suivez tous les jours l’actualité du pays – Danny Faure – infos en temps réel","https://www.jeuneafrique.com/pays/seychelles/"
"48123289","2025-06-22 09:57:12","Au Togo, le rappeur Aamron a été libéré","https://www.jeuneafrique.com/1699708/politique/au-togo-le-rappeur-aamron-a-ete-libere/","fr","False","","10192","jeuneafrique.com","http://jeuneafrique.com/"
"48124559","2025-06-22 21:47:00","ALAIN FOKA CONFRONTÉ SUR LE TOGO","https://www.seneplus.com/international/alain-foka-confronte-sur-le-togo","fr","False","","793","SenePlus","https://www.seneplus.com"
"48126277","2025-06-23 00:39:41","20 ressortissants étrangers sans papiers décontiqués au Durban Truck Depot","https://www.togolais.info/20-ressortissants-etrangers-sans-papiers-decontiques-au-durban-truck-depot/","fr","False","","9899","Togolais.info : l'actualité du Togo en temps réel, revue de presse","http://www.togolais.info"
"48130300","2025-06-22 16:00:52","CEDEAO : le sommet acte la rupture avec l’AES et annonce une réforme de fond","https://www.journaldumali.com/cedeao-le-sommet-acte-la-rupture-avec-laes-et-annonce-une-reforme-de-fond/","fr","False","","5059","Journal du Mali ","https://www.journaldumali.com/"
"48130668","2025-06-14 07:38:20","Criminalité faunique : 3 présumés trafiquants arrêtés en possession d’une grosse défense d’éléphant puis déposés","https://kibanyiguinee.info/2025/06/14/criminalite-faunique-3-presumes-trafiquants-arretes-en-possession-dune-grosse-defense-delephant-puis-deposes/","fr","False","","16432","Kibanyi Guinée","https://kibanyiguinee.info/"
"48136857","2025-06-23 04:23:33","La victoire contre Manssah au Togo: une victoire d’étape révélatrice","https://icilome.com/2025/06/la-victoire-contre-manssah-au-togo-une-victoire-detape-revelatrice/","fr","False","","9892","Icilome","http://www.icilome.com/"
"48136854","2025-06-23 05:46:06","Contraint de quitter RFI sur la pointe des pieds, Alain Foka désormais indésirable au Togo","https://icilome.com/2025/06/contraint-de-quitter-rfi-sur-la-pointe-des-pieds-alain-foka-desormais-indesirable-au-togo/","fr","False","","9892","Icilome","http://www.icilome.com/"
"48136853","2025-06-23 07:45:02","Togo – Affaire Aamron : « Il y aura une suite », promet Me Agbogan","https://icilome.com/2025/06/togo-affaire-aamron-il-y-aura-une-suite-promet-me-agbogan/","fr","False","","9892","Icilome","http://www.icilome.com/"
"48139205","2025-06-23 10:25:31","Togo : Le point sur l’actualité de ce lundi 23 Juin 2025","https://www.savoirnews.net/blog/2025/06/23/togo-le-point-sur-lactualite-de-ce-lundi-23-juin-2025/","fr","False","","15231","Accueil - LA PREMIERE AGENCE DE PRESSE PRIVEE AU TOGO","https://www.savoirnews.net/"
"48139860","2025-06-23 10:52:30","Bénin : Les grands titres du quotidien national (La Nation) et des journaux privés en kiosques ce lundi 23 juin 2025","https://www.savoirnews.net/blog/2025/06/23/benin-les-grands-titres-du-quotidien-national-la-nation-et-des-journaux-prives-en-kiosques-ce-lundi-23-juin-2025/","fr","False","","15231","Accueil - LA PREMIERE AGENCE DE PRESSE PRIVEE AU TOGO","https://www.savoirnews.net/"
"48139943","2025-06-23 03:33:51","Togo rapper Aamron freed after psychiatric detention sparks uproar","https://wadr.org/togo-rapper-aamron-freed-after-psychiatric-detention-sparks-uproar/","en","False","","991","WADR","https://www.wadr.org/"
"48143630","2025-06-23 13:12:06","DIOMAYE PRESSENTI, BIO DÉSIGNÉ : Les coulisses d’un choix inattendu à la tête de la CEDEAO","https://www.enqueteplus.com/content/diomaye-pressenti-bio-d%C3%A9sign%C3%A9-%C2%A0les-coulisses-d%E2%80%99un-choix-inattendu-%C3%A0-la-t%C3%AAte-de-la-cedeao","fr","False","","714","EnQuete+","http://www.enqueteplus.com/"
"48150729","2025-06-23 15:58:19","CEDEAO: la diplomatie active de Faure Gnassingbé unanimement saluée","https://togoenlive.tg/cedeao-la-diplomatie-active-de-faure-gnassingbe-unanimement-saluee/?utm_source=rss&utm_medium=rss&utm_campaign=cedeao-la-diplomatie-active-de-faure-gnassingbe-unanimement-saluee","fr","False","","16056","Togoenlive - L'actualité togolaise en direct","https://togoenlive.tg/"
"48151396","2025-06-23 08:05:28","Contraint de quitter RFI sur la pointe des pieds, Alain Foka désormais indésirable au Togo","https://www.27avril.com/blog/opinion/contraint-de-quitter-rfi-sur-la-pointe-des-pieds-alain-foka-desormais-indesirable-au-togo","fr","False","","15228","Nouvelles d'actualité au Togo et dans le Monde - 27avril.com","https://www.27avril.com/"
"48151782","2025-06-23 09:39:00","Route Lomé -Kpalimé: mission accomplie pour Ebomaf","https://togotimes.info/route-lome-kpalime-mission-accomplie-pour-ebomaf/","fr","False","","15233","Togotimes","https://togotimes.info/"
"48158650","2025-06-23 05:41:58","Togo : Situation inédite et critique dans le pays.","https://togoactualite.com/togo-situation-inedite-et-critique-dans-le-pays/","fr","False","","16054","Togo Actualité - Premier site d'information du Togo","https://togoactualite.com/"
"48169089","2025-06-24 09:55:50","Bénin: Les grands titres du quotidien national (La Nation) et des journaux privés en kiosques ce mardi 24 Juin 2025","https://www.savoirnews.net/blog/2025/06/24/benin-les-grands-titres-du-quotidien-national-la-nation-et-des-journaux-prives-en-kiosques-ce-mardi-24-juin-2025/","fr","False","","15231","Accueil - LA PREMIERE AGENCE DE PRESSE PRIVEE AU TOGO","https://www.savoirnews.net/"
"48170059","2025-06-24 11:46:09","DIOMAYE VICTIME D'UN ""HOLD-UP"" DIPLOMATIQUE À ABUJA","https://www.seneplus.com/politique/diomaye-victime-dun-hold-diplomatique-abuja","fr","False","","793","SenePlus","https://www.seneplus.com"
"48171498","2025-06-24 12:57:53","Pharmacies de garde du 23 au 30 Juin 2025","https://www.savoirnews.net/blog/2025/06/24/pharmacies-de-garde-du-23-au-30-juin-2025/","","False","","15231","Accueil - LA PREMIERE AGENCE DE PRESSE PRIVEE AU TOGO","https://www.savoirnews.net/"
"48171522","2025-06-24 09:51:36","Contraint de quitter RFI sur la pointe des pieds, Alain Foka désormais indésirable au Togo","https://togoactualite.com/contraint-de-quitter-rfi-sur-la-pointe-des-pieds-alain-foka-desormais-indesirable-au-togo/","fr","False","","16054","Togo Actualité - Premier site d'information du Togo","https://togoactualite.com/"
"48176459","2025-06-24 14:12:57","L’ambassadeur Yedidia Clein fait ses adieux aux amis d’Israël du Togo","https://togopresse.tg/lambassadeur-yedidia-clein-fait-ses-adieux-aux-amis-disrael-du-togo/","fr","False","","9900","Togo-Presse - Grand quotidien national d'information","http://togopresse.tg/"
"48177011","2025-06-24 13:35:52","NewsLink 2025- 06- 24 Third Edition","https://wadr.org/newslink-2025-06-24-third-edition/","en","False","","991","WADR","https://www.wadr.org/"
"48177342","2025-06-24 13:57:35","Togo- Crise sociopolitique:  L’opposition appelle Faure Gnassingbé à passer la main","https://icilome.com/2025/06/togo-crise-sociopolitique-lopposition-appelle-faure-gnassingbe-a-passer-la-main/","fr","False","","9892","Icilome","http://www.icilome.com/"
"48177341","2025-06-24 14:33:13","Togo- Manifestations pacifiques des 26, 27, 28 Juin: L’opposition s’aligne derrière la jeunesse en colère","https://icilome.com/2025/06/togo-manifestations-pacifiques-des-26-27-28-juin-lopposition-saligne-derriere-la-jeunesse-en-colere/","fr","False","","9892","Icilome","http://www.icilome.com/"
"48177744","2025-06-24 17:37:14","NewsLink 2025- 06- 24 Fourth Edition","https://wadr.org/newslink-2025-06-24-fourth-edition/","en","False","","991","WADR","https://www.wadr.org/"
"48179408","2025-06-24 21:06:12","Togo: des manifestations attendues après des appels sur les réseaux sociaux","https://www.rfi.fr/fr/afrique/20250625-togo-des-manifestations-attendues-apr%C3%A8s-des-appels-sur-les-r%C3%A9seaux-sociaux","fr","False","","14598","Écouter RFI Afrique en direct - RFI","https://www.rfi.fr/fr/direct-afrique"
"48185060","2025-06-25 04:59:56","Depuis le siège à New York, M Faure Gnassingbé décline la vision que son pays veut de l’ONU","https://togotimes.info/depuis-le-siege-a-new-york-m-faure-gnassingbe-decline-la-vision-que-son-pays-veut-de-lonu/","fr","False","","15233","Togotimes","https://togotimes.info/"
"48193372","2025-06-25 02:42:25","Togo- Le mouvement “Touche pas à ma Constitution” appelle à soutenir la jeunesse en lutte et exige la fin de la répression","https://icilome.com/2025/06/togo-le-mouvement-touche-pas-a-ma-constitution-appelle-a-soutenir-la-jeunesse-en-lutte-et-exige-la-fin-de-la-repression/","fr","False","","9892","Icilome","http://www.icilome.com/"
"48193371","2025-06-25 02:59:53","Crimes politiques au Togo : des avocats mobilisés pour traduire les responsables devant la justice internationale","https://icilome.com/2025/06/crimes-politiques-au-togo-des-avocats-mobilises-pour-traduire-les-responsables-devant-la-justice-internationale/","fr","False","","9892","Icilome","http://www.icilome.com/"
"48193368","2025-06-25 06:57:10","L’alerte mondiale des États-Unis résonne dans un climat politique explosif au Togo","https://icilome.com/2025/06/lalerte-mondiale-des-etats-unis-resonne-dans-un-climat-politique-explosif-au-togo/","fr","False","","9892","Icilome","http://www.icilome.com/"
"48194365","2025-06-25 09:50:54","Togo : Les grands titres du quotidien national (Togo Presse) et des journaux privés, en kiosques ce mardi 25 juin 2025","https://www.savoirnews.net/blog/2025/06/25/togo-les-grands-titres-du-quotidien-national-togo-presse-et-des-journaux-prives-en-kiosques-ce-mardi-25-juin-2025/","fr","False","","15231","Accueil - LA PREMIERE AGENCE DE PRESSE PRIVEE AU TOGO","https://www.savoirnews.net/"
"48194544","2025-06-25 10:10:22","Regain de mobilisation pour l’alternance et la démocratie au Togo : Requérir toute la lucidité nécessaire","https://icilome.com/2025/06/regain-de-mobilisation-pour-lalternance-et-la-democratie-au-togo-requerir-toute-la-lucidite-necessaire/","fr","False","","9892","Icilome","http://www.icilome.com/"
"48195060","2025-06-25 10:33:10.468774","Togo/Crise sociopolitique : L'opposition appelle Faure Gnassingbé à passer la main","http://www.africain.info/news=11021903","fr","False","","13070","Africain.info","http://www.africain.info"
"48198631","2025-06-25 12:16:29","80è anniversaire de la Charte des Nations Unies : Faure Gnassingbé plaide pour un « multilatéralisme refondé »","https://www.savoirnews.net/blog/2025/06/25/80e-anniversaire-de-la-charte-des-nations-unies-faure-gnassingbe-plaide-pour-un-multilateralisme-refonde/","fr","False","","15231","Accueil - LA PREMIERE AGENCE DE PRESSE PRIVEE AU TOGO","https://www.savoirnews.net/"
"48198837","2025-06-25 12:33:12.405815","Togo/Crise sociopolitique : L'opposition appelle Faure Gnassingbé à passer la main","http://www.africain.info/news=11021903","fr","False","","10178","Sierra-Leone.info","http://www.sierra-leone.info/"
"48199906","2025-06-25 12:25:49","Vu d'ailleurs : Un regard sur le Togo","https://lefaso.net/spip.php?article139060","fr","False","","5276","LeFaso.net","http://lefaso.net/"
"48204879","2025-06-25 15:15:47","Charte des Nations Unies: Faure Gnassingbé appelle à redonner au texte ses lettres de noblesse","https://togoenlive.tg/charte-des-nations-unies-faure-gnassingbe-appelle-a-redonner-au-texte-ses-lettres-de-noblesse/?utm_source=rss&utm_medium=rss&utm_campaign=charte-des-nations-unies-faure-gnassingbe-appelle-a-redonner-au-texte-ses-lettres-de-noblesse","fr","False","","16056","Togoenlive - L'actualité togolaise en direct","https://togoenlive.tg/"
"48206158","2025-06-25 12:00:00","School AMU :  Pas de suspension pendant les vacances pour la prise en charge des élèves","https://www.savoirnews.net/blog/2025/06/25/school-amu-pas-de-suspension-pendant-les-vacances-pour-la-prise-en-charge-des-eleves/","fr","False","","15231","Accueil - LA PREMIERE AGENCE DE PRESSE PRIVEE AU TOGO","https://www.savoirnews.net/"
"48206516","2025-06-25 10:41:25","Bio not first Sierra Leonean President to serve as ECOWAS Chairperson","https://dubawa.org/bio-not-first-sierra-leonean-president-to-serve-as-ecowas-chairperson/","en","False","","13089","Dubawa","https://dubawa.org"
"48206765","2025-06-25 10:03:49","Togo: « Nous soutenons les manifestations des 26, 27 et 28 juin pour que le Togo puisse enfin respirer », TPAMC","https://www.27avril.com/blog/actualites/politiques/togo-nous-soutenons-les-manifestations-26-27-et-28-juin-pour-que-le-togo-puisse-enfin-respirer-tpamc","fr","False","","15228","Nouvelles d'actualité au Togo et dans le Monde - 27avril.com","https://www.27avril.com/"
"48206903","2025-06-25 06:14:06","Togo/Crise sociopolitique: L’opposition appelle Faure Gnassingbé à passer la main","https://togoactualite.com/togo-crise-sociopolitique-lopposition-appelle-faure-gnassingbe-a-passer-la-main/","fr","False","","16054","Togo Actualité - Premier site d'information du Togo","https://togoactualite.com/"
"48208531","2025-06-25 20:17:16","RDC : Félix Tshisekedi discute avec Olusegun Obasanjo des avancées diplomatiques pour la paix dans l’Est","https://depeche.cd/2025/06/26/rdc-felix-tshisekedi-discute-avec-olusegun-obasanjo-des-avancees-diplomatiques-pour-la-paix-dans-lest/","fr","False","","4949","Dépêche.cd","https://depeche.cd/"
"48211143","2025-06-26 02:16:04","TOGO: Protesters face imminent crackdown as three-day demonstrations begin","https://wadr.org/togo-protesters-face-imminent-crackdown-as-three-day-demonstrations-begin/","en","False","","991","WADR","https://www.wadr.org/"
"48212166","2025-06-26 02:40:02","Manifestations pacifiques des 26,27 et 28 juin  au Togo : l’Opposition remet le couvert","https://www.aujourd8.net/manifestations-pacifiques-des-2627-et-28-juin-au-togo-lopposition-remet-le-couvert/","fr","False","","10061","Aujourd'hui au Faso","https://www.aujourd8.net/"
"48213207","2025-06-26 03:20:47","Obasanjo  yaganiriye na Tshisekedi","https://umuseke.rw/2025/06/obasanjo-yaganiriye-na-tshisekedi/","rw","False","","9831","UMUSEKE","http://umuseke.rw/"
"48219013","2025-06-26 03:02:32","Obansanjo après sa rencontre avec Tshisekedi et Kagame : « Je vais me rendre à Lomé pour faire rapport à Faure Gnassingbé »","https://congoprofond.net/obansanjo-apres-sa-rencontre-avec-tshisekedi-et-kagame-je-vais-me-rendre-a-lome-pour-faire-rapport-a-faure-gnassingbe/","fr","False","","4947","Congo Profond ","https://congoprofond.net/"
"48223563","2025-06-26 12:18:36","Au Togo, Lomé en proie à de nouvelles manifestations d’opposants au pouvoir","https://www.jeuneafrique.com/1701204/politique/au-togo-lome-en-proie-a-de-nouvelles-manifestations-dopposants-au-pouvoir/","fr","False","","10192","jeuneafrique.com","http://jeuneafrique.com/"
"48223890","2025-06-26 07:04:00","Guerre d’agression rwandaise : Le Président Tshisekedi a reçu l’ancien président Nigérian Olusegun Obasanjo, facilitateur de l’EAC/SADC","https://rtnc.cd/guerre-dagression-rwandaise-le-president-tshisekedi-a-recu-lancien-president-nigerian-olusegun-obasanjo-facilitateur-de-leac-sadc/","fr","False","","14609","Le direct RTNC Radio - RTNC","https://rtnc.cd/rtnc-radio/"
"48223882","2025-06-26 10:12:20","Togo : Pneus en feu, boutiques closes, ville sous tension","https://togoactualite.com/togo-pneus-en-feu-boutiques-closes-ville-sous-tension/","fr","False","","16054","Togo Actualité - Premier site d'information du Togo","https://togoactualite.com/"
"48224185","2025-06-26 10:45:32","Togo: déploiement des forces de l'ordre à Lomé après des appels à manifester contre le pouvoir","https://www.rfi.fr/fr/afrique/20250626-togo-d%C3%A9ploiement-des-forces-de-l-ordre-%C3%A0-lom%C3%A9-apr%C3%A8s-des-appels-%C3%A0-manifester-contre-le-pouvoir","fr","False","","14598","Écouter RFI Afrique en direct - RFI","https://www.rfi.fr/fr/direct-afrique"
"48225058","2025-06-26 12:18:36","Au Togo, Lomé en proie à de nouvelles manifestations d’opposants au pouvoir","https://www.jeuneafrique.com/1701204/politique/au-togo-lome-en-proie-a-de-nouvelles-manifestations-dopposants-au-pouvoir/","fr","False","","9837","Seychelles : suivez tous les jours l’actualité du pays – Danny Faure – infos en temps réel","https://www.jeuneafrique.com/pays/seychelles/"
"48226829","2025-06-26 11:54:32","Est de la RDC: Obasanjo reçu par Tshisekedi avant l’accord de paix entre Kinshasa et Kigali","https://www.rfi.fr/fr/afrique/20250626-est-de-la-rdc-obasanjo-re%C3%A7u-par-tshisekedi-avant-l-accord-de-paix-entre-kinshasa-et-kigali","fr","False","","14598","Écouter RFI Afrique en direct - RFI","https://www.rfi.fr/fr/direct-afrique"
"48227981","2025-06-26 08:59:30","Togo: Les grands titres du quotidien national (Togo Presse) et des journaux privés en kiosques ce jeudi 26 Juin 2025","https://www.savoirnews.net/blog/2025/06/26/togo-les-grands-titres-du-quotidien-national-togo-presse-et-des-journaux-prives-en-kiosques-ce-jeudi-26-juin-2025/","fr","False","","15231","Accueil - LA PREMIERE AGENCE DE PRESSE PRIVEE AU TOGO","https://www.savoirnews.net/"
"48228153","2025-06-26 07:31:37","Togo – Charte de l’ONU : le président du Conseil F. Gnassingbé appelle à un profond changement","https://africa24tv.com/togo-charte-de-lonu-le-president-du-conseil-f-gnassingbe-appelle-a-un-profond-changement?utm_source=rss&utm_medium=rss&utm_campaign=togo-charte-de-lonu-le-president-du-conseil-f-gnassingbe-appelle-a-un-profond-changement","fr","False","","16529","Burkina Faso","https://africa24tv.com/burkina-faso-2/"
"48228133","2025-06-26 12:44:07","FAURE INSTRUMENTALISE L'ANTI-FRANCE","https://www.seneplus.com/international/faure-instrumentalise-lanti-france","fr","False","","793","SenePlus","https://www.seneplus.com"
"48228432","2025-06-26 07:31:37","Togo – Charte de l’ONU : le président du Conseil F. Gnassingbé appelle à un profond changement","https://africa24tv.com/togo-charte-de-lonu-le-president-du-conseil-f-gnassingbe-appelle-a-un-profond-changement?utm_source=rss&utm_medium=rss&utm_campaign=togo-charte-de-lonu-le-president-du-conseil-f-gnassingbe-appelle-a-un-profond-changement","fr","False","","16627","Africa24 TV","https://africa24tv.com/"
"48229547","2025-06-26 04:18:14","Le président Félix Tshisekedi a reçu Olusegun Obasanjo l’un de facilitateur du conflit qui oppose la RDC et le Rwanda","https://times.cd/index.php/2025/06/26/le-president-felix-tshisekedi-a-recu-olusegun-obasanjo-lun-de-facilitateur-du-conflit-qui-oppose-la-rdc-et-le-rwanda/","fr","False","","13518","Minimag Homepage 1","http://times.cd/"
"48231838","2025-06-26 14:56:25","TOGO: Protesters face imminent crackdown by state agents","https://wadr.org/togo-protesters-face-imminent-crackdown-by-state-agents/","en","False","","991","WADR","https://www.wadr.org/"
"48235644","2025-06-26 21:07:00","Addressing Ripple Effects of Flight Cancellations","https://www.thisdaylive.com/2025/06/27/addressing-ripple-effects-of-flight-cancellations/","en","False","","324","THISDAYLIVE","https://www.thisdaylive.com"
"48238082","2025-06-27 01:05:29","Gen Z Protests in Togo Demand President’s Resignation","https://www.bana.co.ke/2025/06/gen-z-protests-in-togo-demand.html","en","False","","12339","Bana Kenya ","https://www.bana.co.ke"
"48238155","2025-06-26 15:16:01","QEDD 2025 : L’UE et le PALCC+ pour une gouvernance durable du climat et des forêts","https://togopresse.tg/qedd-2025-lue-et-le-palcc-pour-une-gouvernance-durable-du-climat-et-des-forets/","fr","False","","9900","Togo-Presse - Grand quotidien national d'information","http://togopresse.tg/"
"48238444","2025-06-26 16:05:49","Crise Rwanda-RDC: Félix Tshisekedi reçoit Olusegun Obasanjo à Kinshasa","http://www.rnanews.com/crise-rwanda-rdc-felix-tshisekedi-recoit-olusegun-obasanjo-a-kinshasa/","fr","False","","9824","EU welcomes Morocco’s decision to facilitate the return of unaccompanied minors","http://www.rnanews.com/"
"48240583","2025-06-27 03:49:54","Togo police fire teargas, arrest protesters in Lomé","https://wadr.org/togo-police-fire-teargas-arrest-protesters-in-lome/","en","False","","991","WADR","https://www.wadr.org/"
"48248128","2025-06-27 08:26:51","RDC – Rwanda : « Seule la mise en œuvre de l’accord permettra les investissements économiques » (Washington)","https://congoprofond.net/rdc-rwanda-seule-la-mise-en-oeuvre-de-laccord-permettra-les-investissements-economiques-washington/","fr","False","","4947","Congo Profond ","https://congoprofond.net/"
"48246771","2025-06-27 05:45:07","Togo : Heurts à Lomé lors des manifestations contre le pouvoir de Faure Gnassingbé","https://www.malikunafoni.net/post/togo-heurts-%C3%A0-lom%C3%A9-lors-des-manifestations-contre-le-pouvoir-de-faure-gnassingb%C3%A9","en","False","","16511","Accueil | Malikunafoni TV","https://www.malikunafoni.net/"
"48249270","2025-06-27 09:02:32","[Vidéo] Manifestation à LOMÉ contre Faure Gnassingbé","https://directactu.net/2025/06/27/video-manifestation-a-lome-contre-faure-gnassingbe/","fr","False","","760","DirectActu","https://directactu.net"
"48249715","2025-06-26 05:44:59","RDC : Olusegun Obasanjo, facilitateur de l’EAC-SADC, échange avec Félix Tshisekedi sur la situation sécuritaire dans l’Est du pays","https://congo-actu.net/index.php/2025/06/26/rdc-olusegun-obasanjo-facilitateur-de-leac-sadc-echange-avec-felix-tshisekedi-sur-la-situation-securitaire-dans-lest-du-pays/","fr","False","","14604","Informer Autrement - Congo-actu.net","https://congo-actu.net/"
"48250393","2025-06-27 05:51:00","Lomé : Des manifestants dressent le rideau de fer contre le pouvoir Gnassingbé","https://www.linfodrome.com/international/110820-lome-des-manifestants-dressent-le-rideau-de-fer-contre-le-pouvoir-gnassingbe","fr","False","","10047","L'actualité ivoirienne indépendante de Côte d'Ivoire | Linfodrome","https://www.linfodrome.com/"
"48250651","2025-06-27 07:18:36","« Une gouvernance sans limite, ni légale ni temporelle » : deux intellectuels togolais alertent","https://icilome.com/2025/06/une-gouvernance-sans-limite-ni-legale-ni-temporelle-deux-intellectuels-togolais-alertent/","fr","False","","9892","Icilome","http://www.icilome.com/"
"48250650","2025-06-27 07:38:45","Au Togo, c’est la peur qui vide les rues, pas le soutien au régime","https://icilome.com/2025/06/au-togo-cest-la-peur-qui-vide-les-rues-pas-le-soutien-au-regime/","fr","False","","9892","Icilome","http://www.icilome.com/"
"48250993","2025-06-27 10:01:00","Les débuts compliqués de la diplomatie sénégalaise sous Bassirou Diomaye Faye : Révélations d'Africa Intelligence","https://www.dakaractu.com/Les-debuts-compliques-de-la-diplomatie-senegalaise-sous-Bassirou-Diomaye-Faye-Revelations-d-Africa-Intelligence_a262880.html","fr","False","","723","Dakar Actu","http://dakaractu.com/"
"48253712","2025-06-26 21:32:40","Est de la RDC : Obasanjo en mission discrète à Kinshasa, avant l’accord de paix RDC-Rwanda","https://africapresse.com/est-de-la-rdc-obasanjo-en-mission-discrete-a-kinshasa-avant-laccord-de-paix-rdc-rwanda/","fr","False","","4863","Africa Presse","http://africapresse.com/"
"48256739","2025-06-27 14:00:29","Togo : affrontements entre forces de l’ordre et des manifestants","https://www.echosmedias.org/2025/06/27/togo-affrontements-entre-forces-de-lordre-et-des-manifestants/","fr","False","","12271","Echos Medias","https://www.echosmedias.org"
"48260079","2025-06-27 15:15:04","DR Congo and Rwanda Sign Peace Agreement","https://softpower.ug/dr-congo-and-rwanda-sign-peace-agreement/","en","False","","4788","SoftPower News - Fastest Credible News from Uganda and East Africa","https://www.softpower.ug/"
"48260552","2025-06-27 17:19:05","Santé : L’OMS salue les « progrès » réalisés par le Togo","https://www.savoirnews.net/blog/2025/06/27/sante-loms-salue-les-progres-realises-par-le-togo/","fr","False","","15231","Accueil - LA PREMIERE AGENCE DE PRESSE PRIVEE AU TOGO","https://www.savoirnews.net/"
"48262088","2025-06-27 14:37:13","AMU: Faure Gnassingbé et Amadou Diallo passent en revue les réalisations","https://togoenlive.tg/amu-faure-gnassingbe-et-amadou-diallo-passent-en-revue-les-realisations/?utm_source=rss&utm_medium=rss&utm_campaign=amu-faure-gnassingbe-et-amadou-diallo-passent-en-revue-les-realisations","fr","False","","16056","Togoenlive - L'actualité togolaise en direct","https://togoenlive.tg/"
"48262946","2025-06-28 01:39:07","How border policemen raped us en route to Libya– Returnee","https://daylightng.com/how-border-policemen-raped-us-en-route-to-libya-returnee/","en","False","","189","Daylight NG","https://daylightng.com"
"48263656","2025-06-27 08:42:32","Après avoir rencontré les Présidents Kagame et F. Tshisekedi, Conflit RDC-Rwanda : Obasanjo affiche son optimisme","http://www.latempete.info/?p=72296","fr","False","","4961","La Tempête ","http://www.latempete.info/"
"48265572","2025-06-28 05:12:58","Accord de paix RDC-Rwanda : un tournant salué par Macron, contesté par Mukwege","https://www.journaldekinshasa.com/accord-de-paix-rdc-rwanda-un-tournant-salue-par-macron-conteste-par-mukwege/","fr","False","","4957","Journal de Kinshasa","https://www.journaldekinshasa.com/"
"48265843","2025-06-28 04:26:36","Accord RDC - Rwanda : ""une avancée majeure vers la fin du conflit et la stabilité dans la région des Grands Lacs"" (Bintou Keita)","https://actualite.cd/2025/06/28/accord-rdc-rwanda-une-avancee-majeure-vers-la-fin-du-conflit-et-la-stabilite-dans-la","fr","False","","4937"," D'actualité.CD","https://actualite.cd/"
"48265960","2025-06-28 02:21:06","How border policemen raped us en route to Libya – Returnee","https://thecitizenng.com/how-border-policemen-raped-us-en-route-to-libya-returnee/","en","False","","297","TheCitizen","https://thecitizenng.com"
"48267032","2025-06-28 06:47:03","DR Congo, Rwanda sign U.S.-brokered peace agreement to end 30-year conflict","https://dailynigerian.com/dr-congo-rwanda-sign-u-s-brokered-peace-agreement-to-end-30-year-conflict/?utm_source=rss&utm_medium=rss&utm_campaign=dr-congo-rwanda-sign-u-s-brokered-peace-agreement-to-end-30-year-conflict","en","False","","186","Daily Nigerian News","https://dailynigerian.com"
"48267697","2025-06-28 06:35:39","Togo: « Nous soutenons les manifestations des 26, 27 et 28 juin pour que le Togo puisse enfin respirer », TPAMC","https://togoactualite.com/togo-nous-soutenons-les-manifestations-des-26-27-et-28-juin-pour-que-le-togo-puisse-enfin-respirer-tpamc/","fr","False","","16054","Togo Actualité - Premier site d'information du Togo","https://togoactualite.com/"
"48267696","2025-06-28 07:04:16","Togo / Manifs pacifiques: Violences gratuites des miliciens du régime Faure Gnassingbé","https://togoactualite.com/togo-manifs-pacifiques-violences-gratuites-des-miliciens-du-regime-faure-gnassingbe/","fr","False","","16054","Togo Actualité - Premier site d'information du Togo","https://togoactualite.com/"
"48269136","2025-06-28 09:15:57","Xoghayaha Guud ee Qaramada Midoobay oo Soo Dhaweeyay Heshiiska Nabadeed ee DRC iyo Rwanda","https://radiohimilo.so/xoghayaha-guud-ee-qaramada-midoobay-oo-soo-dhaweeyay-heshiiska-nabadeed-ee-drc-iyo-rwanda/","so","False","","14636","Gaari hal dollar kugu geynaya meeshii aad ka rabto gudaha Muqdisho,Daawo","https://radiohimilo.so/"
"48269607","2025-06-26 11:44:45","De la Patience à l’Insoumission du Peuple Togolais: pour une Transition souveraine, pacifique et irréversible","https://www.27avril.com/blog/opinion/de-la-patience-a-linsoumission-du-peuple-togolais-pour-une-transition-souveraine-pacifique-et-irreversible","fr","False","","15228","Nouvelles d'actualité au Togo et dans le Monde - 27avril.com","https://www.27avril.com/"
"48269606","2025-06-27 12:25:30","Togo / Manifs pacifiques: Violences gratuites des miliciens du régime Faure Gnassingbé","https://www.27avril.com/blog/actualites/politiques/togo-manifs-pacifiques-violences-gratuites-des-miliciens-du-regime-faure-gnassingbe","fr","False","","15228","Nouvelles d'actualité au Togo et dans le Monde - 27avril.com","https://www.27avril.com/"
"48270387","2025-06-28 07:16:20","Diplomatie : le Secrétaire général de l'ONU salue un ""accord historique"" entre la RDC et le Rwanda","https://election-net.com/article/diplomatie-le-secr-taire-g-n-ral-de-l-onu-salue-un-accord-historique-entre-la-rdc-et-le-rwanda","fr","False","","13520","La couverture la plus complète des dernières nouvelles","https://www.election-net.com/"
"48272175","2025-06-28 13:38:51","Dynastie Gnassingbé au Togo : 58 ans de pouvoir et réforme constitutionnelle contestée pour 2025","https://www.camer.be/89701/6:1/dynastie-gnassingbe-au-togo-58-ans-de-pouvoir-et-reforme-constitutionnelle-contestee-pour-2025.html","fr","False","","4869","Camer Actualité Cameroun","http://www.camer.be/"
"48273150","2025-06-28 12:56:32","UN Chief Guterres welcomes peace deal between DR Congo and Rwanda","http://www.rnanews.com/un-chief-guterres-welcomes-peace-deal-between-dr-congo-and-rwanda/","en","False","","9824","EU welcomes Morocco’s decision to facilitate the return of unaccompanied minors","http://www.rnanews.com/"
"48273375","2025-06-28 08:28:56","DRC, Rwanda Sign U.S.- Brokered Peace Agreement","https://newsinvestigatorsng.com/drc-rwanda-sign-u-s-brokered-peace-agreement/","en","False","","248","News Investigators","https://newsinvestigatorsng.com"
"48274281","2025-06-28 10:05:00","Manifestations réprimées au Togo: «La population est en danger»","https://www.pressafrik.com/Manifestations-reprimees-au-Togo-La-population-est-en-danger_a291308.html","fr","False","","784","Press Afrik","https://www.pressafrik.com"
"48275162","2025-06-28 11:06:40","RDC-Rwanda: Robert Dussey salue le dénouement heureux de la crise","https://togoenlive.tg/rdc-rwanda-robert-dussey-salue-le-denouement-heureux-de-la-crise/?utm_source=rss&utm_medium=rss&utm_campaign=rdc-rwanda-robert-dussey-salue-le-denouement-heureux-de-la-crise","fr","False","","16056","Togoenlive - L'actualité togolaise en direct","https://togoenlive.tg/"
"48276261","2025-06-28 13:19:20","Manifestations réprimées au Togo: «La population est en danger»","https://www.rfi.fr/fr/afrique/20250628-manifestations-r%C3%A9prim%C3%A9es-au-togo-la-population-est-en-danger","fr","False","","14598","Écouter RFI Afrique en direct - RFI","https://www.rfi.fr/fr/direct-afrique"
"48276351","2025-06-28 03:49:56","Togo- Manifs du 26 juin- « Du sang, encore du sang : Quand Faure Gnassingbé transforme Lomé en champ de bataille », dénonce TPAMC","https://icilome.com/2025/06/togo-manifs-du-26-juin-du-sang-encore-du-sang-quand-faure-gnassingbe-transforme-lome-en-champ-de-bataille-denonce-tpamc/","fr","False","","9892","Icilome","http://www.icilome.com/"
"48276349","2025-06-28 04:43:38","Togo- Manifs du 26 juin- Répression à Lomé : les OSC dénoncent une dérive autoritaire sanglante","https://icilome.com/2025/06/togo-manifs-du-26-juin-repression-a-lome-les-osc-denoncent-une-derive-autoritaire-sanglante/","fr","False","","9892","Icilome","http://www.icilome.com/"
"48276347","2025-06-28 09:56:30","Togo – Violence contre manifestants : Si c’est légal, pourquoi cacher leurs visages ?","https://icilome.com/2025/06/togo-violence-contre-manifestants-si-cest-legal-pourquoi-cacher-leurs-visages/","fr","False","","9892","Icilome","http://www.icilome.com/"
"48276346","2025-06-28 12:01:36","Le FDR appelle les Togolais à “rester mobilisés et déterminés”","https://icilome.com/2025/06/le-fdr-appelle-les-togolais-a-rester-mobilises-et-determines/","fr","False","","9892","Icilome","http://www.icilome.com/"
"48276550","2025-06-28 14:10:37","Togo: TPAMC dénonce un bain de sang organisé par le régime de Faure Gnassingbé","https://www.27avril.com/blog/actualites/politiques/togo-tpamc-denonce-un-bain-de-sang-organise-par-le-regime-de-faure-gnassingbe","fr","False","","15228","Nouvelles d'actualité au Togo et dans le Monde - 27avril.com","https://www.27avril.com/"
"48276683","2025-06-28 16:09:47","Kigali promet d'apporter son ""plein"" soutien dans les semaines à venir aux efforts de médiation du Qatar pour parvenir à un accord de paix entre le gouvernement de la RDC et l'AFC/M23","https://actualite.cd/2025/06/28/kigali-promet-dapporter-son-plein-soutien-dans-les-semaines-venir-aux-efforts-de","fr","False","","4937"," D'actualité.CD","https://actualite.cd/"
"48277688","2025-06-28 08:04:00","Guterres welcomes peace deal between DR Congo and Rwanda","https://news.un.org/feed/view/en/story/2025/06/1165071","en","False","","9710","The Maravi Post","http://maravipost.com/"
"48277683","2025-06-28 16:58:54","Togo : deux morts et des violences lors des manifestations contre le pouvoir","https://africapresse.com/togo-deux-morts-et-des-violences-lors-des-manifestations-contre-le-pouvoir/","fr","False","","4863","Africa Presse","http://africapresse.com/"
"48279039","2025-06-28 07:44:28","Togo: des images Fake au rendez-vous des manifestations contre le pouvoir","https://togotimes.info/togo-des-images-fake-au-rendez-vous-des-manifestations-contre-le-pouvoir/","fr","False","","15233","Togotimes","https://togotimes.info/"
"48279040","2025-06-28 04:27:49","Politique sanitaire au Togo: le Président du Conseil félicité par l’OMS","https://togotimes.info/politique-sanitaire-au-togo-le-president-du-conseil-felicite-par-loms/","fr","False","","15233","Togotimes","https://togotimes.info/"
"48279038","2025-06-28 08:24:52","La RDC et le Rwanda signent un accord de paix durable","https://togotimes.info/la-rdc-et-le-rwanda-signent-un-accord-de-paix-durable/","fr","False","","15233","Togotimes","https://togotimes.info/"
"48279034","2025-06-28 10:42:46","Elections municipales 2025: le parti a investi ses candidats","https://togotimes.info/elections-municipales-2025-le-parti-a-investi-ses-candidats/","fr","False","","15233","Togotimes","https://togotimes.info/"
"48279033","2025-06-28 11:06:48","Le Togo et Faure Gnassingbé acteurs décisifs aux côtés de Donald Trump pour la paix entre le Rwanda et la RDC","https://togotimes.info/le-togo-et-faure-gnassingbe-acteurs-decisifs-aux-cotes-de-donald-trump-pour-la-paix-entre-le-rwanda-et-la-rdc/","fr","False","","15233","Togotimes","https://togotimes.info/"
"48280878","2025-06-28 23:07:37","Togo: au moins trois morts et des dizaines de blessés dans les manifestations contre le pouvoir","https://www.rfi.fr/fr/afrique/20250629-togo-au-moins-trois-morts-et-des-dizaines-de-bless%C3%A9s-dans-les-manifestations-contre-le-pouvoir","fr","False","","14598","Écouter RFI Afrique en direct - RFI","https://www.rfi.fr/fr/direct-afrique"
"48280877","2025-06-28 23:07:56","Côte d'Ivoire: le scénario de l'arrestation de cinq gendarmes par des supplétifs de l'armée burkinabè se précise","https://www.rfi.fr/fr/afrique/20250629-c%C3%B4te-d-ivoire-le-sc%C3%A9nario-de-l-arrestation-de-cinq-gendarmes-par-des-suppl%C3%A9tifs-de-l-arm%C3%A9e-burkinab%C3%A8-se-pr%C3%A9cise","fr","False","","14598","Écouter RFI Afrique en direct - RFI","https://www.rfi.fr/fr/direct-afrique"
"48281094","2025-06-29 03:44:47","Togo: Au moins trois morts et de nombreux blessés dans les manifestations contre le pouvoir","http://beninsite.net/2025/06/29/togo-au-moins-trois-morts-et-de-nombreux-blesses-dans-les-manifestations-contre-le-pouvoir/?utm_source=rss&utm_medium=rss&utm_campaign=togo-au-moins-trois-morts-et-de-nombreux-blesses-dans-les-manifestations-contre-le-pouvoir","fr","False","","5244","Page d'accueil - BENINSITE - L'Infos en continue","http://beninsite.net/"
"48283445","2025-06-29 03:29:12","Municipales 2025: les candidats UNIR prêts pour la campagne électorale","https://togoenlive.tg/municipales-2025-les-candidats-unir-prets-pour-la-campagne-electorale/?utm_source=rss&utm_medium=rss&utm_campaign=municipales-2025-les-candidats-unir-prets-pour-la-campagne-electorale","fr","False","","16056","Togoenlive - L'actualité togolaise en direct","https://togoenlive.tg/"
"48284019","2025-06-29 04:47:00","Togo: au moins trois morts et des dizaines de blessés dans les manifestations contre le pouvoir","https://www.pressafrik.com/Togo-au-moins-trois-morts-et-des-dizaines-de-blesses-dans-les-manifestations-contre-le-pouvoir_a291327.html","fr","False","","784","Press Afrik","https://www.pressafrik.com"
"48284942","2025-06-29 04:48:28","RDC-Rwanda : Un accord de paix signé au USA sans le médiateur Faure Gnassingbé","https://icilome.com/2025/06/rdc-rwanda-un-accord-de-paix-signe-au-usa-sans-le-mediateur-faure-gnassingbe/","fr","False","","9892","Icilome","http://www.icilome.com/"
"48285702","2025-06-29 08:45:45","Togo : Trois morts dans la répression des manifestations anti-Gnassingbé","https://senego.com/togo-trois-morts-dans-la-repression-des-manifestations-anti-gnassingbe_1854025.html","fr","False","","737","Senego","http://senego.com/"
"48286287","2025-06-29 09:27:39","Togo: Au moins 03 morts et des dizaines de blessés dans les manifestations contre le pouvoir","https://abidjantv.net/afrique-3/togo-au-moins-03-morts-et-des-dizaines-de-blesses-dans-les-manifestations-contre-le-pouvoir/?utm_source=rss&utm_medium=rss&utm_campaign=togo-au-moins-03-morts-et-des-dizaines-de-blesses-dans-les-manifestations-contre-le-pouvoir","fr","False","","10024","AbidjanTV.net","http://abidjantv.net/"
"48286350","2025-06-29 09:01:44","Togo : troisième jour de manifestations, forte répression policière","https://www.france24.com/fr/vid%C3%A9o/20250629-togo-troisi%C3%A8me-jour-de-manifestations-forte-r%C3%A9pression-polici%C3%A8re","fr","False","","16477","Esprit Magazine - MindSet","https://www.espritmagazine-ci.com/"
"48286454","2025-06-29 08:45:05","Togo: au moins trois morts et des dizaines de blessés dans les manifestations contre le pouvoir","https://www.sudquotidien.sn/togo-au-moins-trois-morts-et-des-dizaines-de-blesses-dans-les-manifestations-contre-le-pouvoir/","fr","False","","13072","Sud Quotidien","https://www.sudquotidien.sn"
"48288650","2025-06-29 11:28:21","Protesters in Togo clash with security forces as calls grow for president’s resignation","https://businessday.ng/africa/article/protesters-in-togo-clash-with-security-forces-as-calls-grow-for-presidents-resignation/","en","False","politics and government, demonstrations and riots, armament, defense and military forces","395","Business Day Nigeria","https://businessday.ng"
"48289080","2025-06-29 11:38:38","LE TRÉSOR CACHÉ DE FAURE GNASSINGBÉ","https://www.seneplus.com/politique/le-tresor-cache-de-faure-gnassingbe","fr","False","","793","SenePlus","https://www.seneplus.com"
"48289459","2025-06-29 12:27:31","Afrique : Zoom sur les Élections présidentielles et référendaires en fin 2025","https://abidjantv.net/afrique-3/afrique-zoom-sur-les-elections-presidentielles-et-referendaires-en-fin-2025/?utm_source=rss&utm_medium=rss&utm_campaign=afrique-zoom-sur-les-elections-presidentielles-et-referendaires-en-fin-2025","fr","False","","10024","AbidjanTV.net","http://abidjantv.net/"
"48291240","2025-06-29 11:01:21","Togo: affaire EBOAHUN Kokou Raphaël, les syndicats réagissent","https://togotimes.info/togo-affaire-eboahun-kokou-raphael-les-syndicats-reagissent/","fr","False","","15233","Togotimes","https://togotimes.info/"
"48291485","2025-06-29 03:32:05","Togo/Violence contre les manifestants : Si c’est légal, pourquoi cacher leurs visages ?","https://togoactualite.com/togo-violence-contre-les-manifestants-si-cest-legal-pourquoi-cacher-leurs-visages/","fr","False","","16054","Togo Actualité - Premier site d'information du Togo","https://togoactualite.com/"
"48291484","2025-06-29 05:19:52","Togo/Manifs du 26 juin- Répression à Lomé : les OSC dénoncent une dérive autoritaire sanglante","https://togoactualite.com/togo-manifs-du-26-juin-repression-a-lome-les-osc-denoncent-une-derive-autoritaire-sanglante/","fr","False","","16054","Togo Actualité - Premier site d'information du Togo","https://togoactualite.com/"
"48291483","2025-06-29 12:59:48","Togo- Manifestation des 26, 27 et 28 juin : « La jeunesse cherche à crier plus fort que jamais », dixit un groupe de prêtres catholiques","https://togoactualite.com/togo-manifestation-des-26-27-et-28-juin-la-jeunesse-cherche-a-crier-plus-fort-que-jamais-dixit-un-groupe-de-pretres-catholiques/","fr","False","","16054","Togo Actualité - Premier site d'information du Togo","https://togoactualite.com/"
"48291482","2025-06-29 13:10:47","Togo- Les crimes contre le peuple ne resteront plus impunis, assure un collectif d’avocats qui lancent un appel à témoin","https://togoactualite.com/togo-les-crimes-contre-le-peuple-ne-resteront-plus-impunis-assure-un-collectif-davocats-qui-lancent-un-appel-a-temoin/","fr","False","","16054","Togo Actualité - Premier site d'information du Togo","https://togoactualite.com/"
"48291571","2025-06-29 13:00:38","Manifs au Togo : Au moins trois morts et des dizaines de blessés","https://www.xibaaru.sn/manifs-au-togo-au-moins-trois-morts-et-des-dizaines-de-blesses/","fr","False","","807","Xibaaru","https://www.xibaaru.sn"
"48291764","2025-06-29 12:49:12","Togo: Les tueurs de l’ombre du régime","http://beninsite.net/2025/06/29/togo-les-tueurs-de-lombre-du-regime/?utm_source=rss&utm_medium=rss&utm_campaign=togo-les-tueurs-de-lombre-du-regime","fr","False","","5244","Page d'accueil - BENINSITE - L'Infos en continue","http://beninsite.net/"
"48295449","2025-06-29 18:28:30","Togo Protests Leave Seven Dead, Say Civic Groups","https://newscentral.africa/togo-protests-leave-seven-dead-say-civic-groups/","en","False","politics and government, freedom and human rights, demonstrations and riots","16766","Latest Breaking News - News Central TV | Latest Breaking News Across Africa, Daily News in Nigeria, South Africa, Ghana, Kenya a","https://newscentral.africa/"
"48296581","2025-06-29 11:17:48","Togo / Violence contre les manifestants: Si c’est légal, pourquoi cacher leurs visages?","https://www.27avril.com/blog/actualites/politiques/togo-violence-contre-les-manifestants-si-cest-legal-pourquoi-cacher-leurs-visages","fr","False","","15228","Nouvelles d'actualité au Togo et dans le Monde - 27avril.com","https://www.27avril.com/"
"48297112","2025-06-30 00:17:49","Togo : 7 personnes tuées lors des manifestations contre Faure Gnassingbé","https://lanouvelletribune.info/2025/06/togo-7-personnes-tuees-lors-des-manifestations-contre-faure-gnassingbe/","fr","False","","5084","La Nouvelle Tribune","https://lanouvelletribune.info/"
"48297294","2025-06-30 00:17:49","Togo : 7 personnes tuées lors des manifestations contre Faure Gnassingbé","https://lanouvelletribune.info/2025/06/togo-7-personnes-tuees-lors-des-manifestations-contre-faure-gnassingbe/","fr","False","","5038","Niger","https://lanouvelletribune.info/tag/niger/"
"48298767","2025-06-30 03:31:49","Togo : Sept morts et plusieurs blessés lors de manifestations anti-gouvernementales à Lomé","https://senego.com/togo-sept-morts-et-plusieurs-blesses-lors-de-manifestations-anti-gouvernementales-a-lome_1854237.html","fr","False","","737","Senego","http://senego.com/"
"48299426","2025-06-30 03:04:24","RDC-Rwanda: l'ONU exhorte les deux parties à respecter ""pleinement"" le cessez-le-feu et les autres engagements pris dans l'accord","https://actualite.cd/2025/06/30/rdc-rwanda-lonu-exhorte-les-deux-parties-respecter-pleinement-le-cessez-le-feu-et-les","fr","False","","4937"," D'actualité.CD","https://actualite.cd/"
"48300616","2025-06-30 04:57:37","Power: The truth behind Africa’s longest-serving presidents","https://www.thesouthafrican.com/news/africa/power-the-truth-behind-africas-longest-serving-presidents/","en","False","international relations, politics and government, freedom and human rights","522","The South African","https://www.thesouthafrican.com"
"48300795","2025-06-30 05:13:05","Togo : deux Béninois parmi les victimes des récentes manifestations à Lomé (Vidéo)","https://lanouvelletribune.info/2025/06/togo-deux-beninois-parmi-les-victimes-des-recentes-manifestations-a-lome-video/","fr","False","","5038","Niger","https://lanouvelletribune.info/tag/niger/"
"48300988","2025-06-30 05:13:05","Togo : deux Béninois parmi les victimes des récentes manifestations à Lomé (Vidéo)","https://lanouvelletribune.info/2025/06/togo-deux-beninois-parmi-les-victimes-des-recentes-manifestations-a-lome-video/","fr","False","","5084","La Nouvelle Tribune","https://lanouvelletribune.info/"
"48302923","2025-06-30 06:27:00","Three days of protests leave seven dead in Togo, rights groups say","https://www.bbc.com/news/articles/cj3rr57vkxro","en","False","politics and government, freedom and human rights, demonstrations and riots","510","News South Africa","https://news.co.za"
"48302972","2025-06-30 06:38:31","Togo’s political crisis risks spilling over into West Africa – Security Analyst warns","https://www.myjoyonline.com/togos-political-crisis-risks-spilling-over-into-west-africa-security-analyst-warns/","en","False","international relations, politics and government, freedom and human rights, united states politics and government, demonstrations and riots, law and legislation","3036","Joy News","http://myjoyonline.com/"
"48303522","2025-06-30 04:58:32","L’accord de paix constitue une étape importante vers la désescalade, la paix et la stabilité dans l’est de la RDC, selon Guterres","https://www.radiookapi.net/2025/06/30/actualite/securite/laccord-de-paix-constitue-une-etape-importante-vers-la-desescalade-la","fr","False","","4969","Radio Okapi","https://www.radiookapi.net/"
"48303660","2025-06-30 06:55:15","Three days of protests leave seven dead in Togo, rights groups say","https://www.gbcghanaonline.com/africa/seven-dead-in-togo/2025/","en","False","politics and government, freedom and human rights, demonstrations and riots","13152","GBC Ghana Online","https://www.gbcghanaonline.com/"
"48303942","2025-06-30 03:56:20","At least 7 people killed during recent anti-government protests in Togo","https://ahotoronline.com/at-least-7-people-killed-during-recent-anti-government-protests-in-togo/","en","False","politics and government, freedom and human rights, demonstrations and riots","10171","Ahotor FM","https://ahotoronline.com/"
"48303936","2025-06-30 07:14:48","West Africa’s Democratic Reversal: Coups, Constitutional Manipulation, and Crisis in Togo–Alexander Kukah","https://ahotoronline.com/west-africas-democratic-reversal-coups-constitutional-manipulation-and-crisis-in-togo-alexander-kukah/","en","False","economic conditions and trends, international relations, politics and government, united states politics and government, armament, defense and military forces","10171","Ahotor FM","https://ahotoronline.com/"
"48303935","2025-06-30 07:25:50","Togo at a Crossroads: Constitutional Crisis, Mass Protests, and Regional Implications By Francis Ahovi","https://ahotoronline.com/togo-at-a-crossroads-constitutional-crisis-mass-protests-and-regional-implications-by-francis-ahovi/","en","False","international relations, politics and government, freedom and human rights, united states politics and government, united states international relations, demonstrations and riots, armament, defense and military forces, law and legislation","10171","Ahotor FM","https://ahotoronline.com/"
"48307582","2025-06-30 06:09:53","Togo: Les grands titres du quotidien national (Togo Presse) et des journaux privés en kiosques ce lundi 30 Juin 2025","https://www.savoirnews.net/blog/2025/06/30/togo-les-grands-titres-du-quotidien-national-togo-presse-et-des-journaux-prives-en-kiosques-ce-lundi-30-juin-2025/","fr","False","","15231","Accueil - LA PREMIERE AGENCE DE PRESSE PRIVEE AU TOGO","https://www.savoirnews.net/"
"48304785","2025-06-30 04:03:47","Calm returns to Lomé as civil society demands justice","https://wadr.org/calm-returns-to-lome-as-civil-society-demands-justice/","en","False","media, politics and government, freedom and human rights, demonstrations and riots, suspensions, dismissals and resignations","991","WADR","https://www.wadr.org/"
"48304811","2025-06-30 06:01:56","Togo soldiers break up protests against longtime leader","https://asaaseradio.com/togo-soldiers-break-up-protests-against-longtime-leader/?utm_source=rss&utm_medium=rss&utm_campaign=togo-soldiers-break-up-protests-against-longtime-leader","en","False","politics and government, demonstrations and riots, armament, defense and military forces, suspensions, dismissals and resignations","10148","Asaase Radio","https://asaaseradio.com/"
"48304806","2025-06-30 07:07:47","Togo in turmoil as young people challenge government’s new Constitution","https://asaaseradio.com/togo-in-turmoil-as-young-people-challenge-governments-new-constitution/?utm_source=rss&utm_medium=rss&utm_campaign=togo-in-turmoil-as-young-people-challenge-governments-new-constitution","en","False","news and news media, media, politics and government, demonstrations and riots, law and legislation","10148","Asaase Radio","https://asaaseradio.com/"
"48307832","2025-06-30 09:25:26","Togo : Au moins sept morts lors de manifestations contre le pouvoir à Lomé","https://togoactualite.com/togo-au-moins-sept-morts-lors-de-manifestations-contre-le-pouvoir-a-lome/","fr","False","","16054","Togo Actualité - Premier site d'information du Togo","https://togoactualite.com/"
"48304934","2025-06-30 07:50:20","Togo: Dozens injured, 7 reported dead following anti-government protests","https://www.myjoyonline.com/togo-dozens-injured-7-reported-dead-following-anti-government-protests/","en","False","politics and government, freedom and human rights, united states politics and government, demonstrations and riots, prisons and prisoners","3036","Joy News","http://myjoyonline.com/"
"48305865","2025-06-30 07:23:43","Three days of protests leave seven dead in Togo, rights groups say","https://www.capitalfm.co.ke/news/2025/06/three-days-of-protests-leave-seven-dead-in-togo-rights-groups-say/?utm_source=rss&utm_medium=rss&utm_campaign=three-days-of-protests-leave-seven-dead-in-togo-rights-groups-say","en","False","politics and government, freedom and human rights, demonstrations and riots","12344","Capital FM ","https://www.capitalfm.co.ke/news/"
"48305867","2025-06-30 07:23:43","Three days of protests leave seven dead in Togo, rights groups say","https://www.capitalfm.co.ke/news/2025/06/three-days-of-protests-leave-seven-dead-in-togo-rights-groups-say/?utm_source=rss&utm_medium=rss&utm_campaign=three-days-of-protests-leave-seven-dead-in-togo-rights-groups-say","en","False","politics and government, freedom and human rights, demonstrations and riots","56","Capital FM Kenya","https://www.capitalfm.co.ke/"
"48305875","2025-06-30 07:23:43","Three days of protests leave seven dead in Togo, rights groups say","https://www.capitalfm.co.ke/news/2025/06/three-days-of-protests-leave-seven-dead-in-togo-rights-groups-say/?utm_source=rss&utm_medium=rss&utm_campaign=three-days-of-protests-leave-seven-dead-in-togo-rights-groups-say","en","False","politics and government, freedom and human rights, demonstrations and riots","121","Capital FM News","http://www.capitalfm.co.ke/news"
"48307018","2025-06-30 08:13:26","Three days of protests leave seven dead in Togo, rights groups say","https://thedailymail.co.ke/three-days-of-protests-leave-seven-dead-in-togo-rights-groups-say/","en","False","politics and government, freedom and human rights, demonstrations and riots","98","The DailyMail - Kenya","https://thedailymail.co.ke"
"48308514","2025-06-30 06:21:24","Togo Protests: GLOSARGG demands urgent ECOWAS, AU intervention amid rising tensions","https://www.pulse.com.gh/articles/news/togo-protests-glosargg-demands-urgent-ecowas-au-intervention-amid-rising-tensions-2025063010212467922","en","False","economic conditions and trends, international relations, politics and government, freedom and human rights, united states politics and government, united states international relations, demonstrations and riots","2329","Pulse Ghana","http://pulse.com.gh/"
"48309089","2025-06-30 09:52:24","Togo/Manifs du 26 juin- « Du sang, encore du sang : Quand Faure Gnassingbé transforme Lomé en champ de bataille », dénonce TPAMC","https://togoactualite.com/togo-manifs-du-26-juin-du-sang-encore-du-sang-quand-faure-gnassingbe-transforme-lome-en-champ-de-bataille-denonce-tpamc/","fr","False","","16054","Togo Actualité - Premier site d'information du Togo","https://togoactualite.com/"
"48309445","2025-06-30 05:47:00","Togo: 7 morts lors de manifestations fin juin à Lomé, selon des organisations","https://www.dakaractu.com/Togo-7-morts-lors-de-manifestations-fin-juin-a-Lome-selon-des-organisations_a262936.html","fr","False","","723","Dakar Actu","http://dakaractu.com/"
"48309626","2025-06-30 09:50:52","Gnassingbé’s Rule Under Fire: Togo Protests Continue","https://ahotoronline.com/gnassingbes-rule-under-fire-togo-protests-continue/","en","False","politics and government, freedom and human rights, elections, united states politics and government, demonstrations and riots, law and legislation","10171","Ahotor FM","https://ahotoronline.com/"
"48311183","2025-06-30 10:24:14","Togo : le gouvernement dénonce une tentative de déstabilisation","http://afrikinfos-mali.com/2025/06/30/togo-le-gouvernement-denonce-une-tentative-de-destabilisation/","fr","False","","12268","AfrikInfos Mali","http://afrikinfos-mali.com"
"48312709","2025-06-30 11:12:01","Togo unrest: ‘We can’t speak anymore,’ says resident","https://www.gbcghanaonline.com/africa/togo-unrest/2025/","en","False","politics and government, freedom and human rights, demonstrations and riots","13152","GBC Ghana Online","https://www.gbcghanaonline.com/"
"48313382","2025-06-29 13:51:58","RDC-Rwanda : l’accord de paix parrainé par les Etats-Unis fait renaître l’espoir","https://srtb.bj/rdc-rwanda-laccord-de-paix-parraine-par-les-etats-unis-fait-renaitre-lespoir/","fr","False","","16017","RADIO BENIN ALAFIA EN DIRECT","https://ortb.bj/radiobeninalafia.html"
"48313386","2025-06-29 13:51:58","RDC-Rwanda : l’accord de paix parrainé par les Etats-Unis fait renaître l’espoir","https://srtb.bj/rdc-rwanda-laccord-de-paix-parraine-par-les-etats-unis-fait-renaitre-lespoir/","fr","False","","16031","ATLANTIC FM BENIN EN DIRECT","https://www.ortb.bj/radioatlanticfm.html"
"48313438","2025-06-29 13:51:58","RDC-Rwanda : l’accord de paix parrainé par les Etats-Unis fait renaître l’espoir","https://srtb.bj/rdc-rwanda-laccord-de-paix-parraine-par-les-etats-unis-fait-renaitre-lespoir/","fr","False","","16016","Accueil - ORTB","https://ortb.bj/"
"48313440","2025-06-29 13:51:58","RDC-Rwanda : l’accord de paix parrainé par les Etats-Unis fait renaître l’espoir","https://srtb.bj/rdc-rwanda-laccord-de-paix-parraine-par-les-etats-unis-fait-renaitre-lespoir/","fr","False","","16032","RADIO PARAKOU EN DIRECT","https://www.ortb.bj/radioparakou.html"
"48314942","2025-06-30 13:57:59","Que se passe-t-il au Togo et pourquoi c'est important ?","https://www.bbc.com/afrique/articles/cp3kkye1n7no","fr","False","","12279","BBC News Afrique","https://www.bbc.com/afrique"
"48315005","2025-06-30 12:45:57","Facts about the Gnassingbé family; All you need to know about the family that has been ruling Togo for over 55 years","https://zambianobserver.com/facts-about-the-gnassingbe-family-all-you-need-to-know-about-the-family-that-has-been-ruling-togo-for-over-55-years/","en","False","politics and government, coups d'etat and attempted coups d'etat","7914","zambianobserver.com","http://zambianobserver.com/"
"48315004","2025-06-30 12:46:10","Youth of Togo are saying enough is enough. Here is why the youth of Togo are protesting against the 58-year dynasty of the Gnassingbé family","https://zambianobserver.com/youth-of-togo-are-saying-enough-is-enough-here-is-why-the-youth-of-togo-are-protesting-against-the-58-year-dynasty-of-the-gnassingbe-family/","en","False","politics and government, freedom and human rights, demonstrations and riots, prisons and prisoners","7914","zambianobserver.com","http://zambianobserver.com/"
"48316552","2025-06-30 13:24:46","Championnats scolaires 2025 : Dr Lidi Bessi-Kama salue le « beau spectacle »","https://togofoot.tg/championnats-scolaires-2025-dr-lidi-bessi-kama-salue-le-beau-spectacle/","fr","False","","15232","TOGO FOOT - Football au Togo | TOGO FOOT","https://togofoot.tg/"
"48316743","2025-06-30 09:28:29","Three days of protests leave seven dead in Togo, rights groups say","https://www.bbc.com/news/articles/cj3rr57vkxro","en","False","politics and government, freedom and human rights, demonstrations and riots, law and legislation","441","BBC News Africa","https://www.bbc.com/news/world/africa"
"48316831","2025-06-30 03:19:16","Répression au Togo : des députés refusent de siéger et exigent une session d’urgence","https://icilome.com/2025/06/repression-au-togo-des-deputes-refusent-de-sieger-et-exigent-une-session-durgence/","fr","False","","9892","Icilome","http://www.icilome.com/"
"48316821","2025-06-30 08:54:51","Togo- Arrestation de l’artiste Cosmakete : la FENAPAV dénonce une atteinte à la liberté artistique","https://icilome.com/2025/06/togo-arrestation-de-lartiste-cosmakete-la-fenapav-denonce-une-atteinte-a-la-liberte-artistique/","fr","False","","9892","Icilome","http://www.icilome.com/"
"48317204","2025-06-29 14:29:36","DRC, Rwanda Sign U.S.&#8211;Brokered Peace Agreement","https://www.africanexaminer.com/drc-rwanda-sign-u-s-brokered-peace-agreement/","en","False","international relations, politics and government, united states politics and government, united states international relations","165","African Examiner","https://www.africanexaminer.com"
"48318473","2025-06-30 03:05:27","Togo – Bilan macabre après trois jours de manifestations : au moins 7 morts et plusieurs blessés,  selon les OSC","https://icilome.com/2025/06/togo-bilan-macabre-apres-trois-jours-de-manifestations-au-moins-7-morts-et-plusieurs-blesses/","fr","False","","9892","Icilome","http://www.icilome.com/"
"48319813","2025-06-30 05:53:34","Togo : au moins 7 morts et de nombreux blessés dans les manifestations","https://agpguinee.com/togo-au-moins-7-morts-et-de-nombreux-blesses-dans-les-manifestations/","fr","False","","16429","Accueil - AGP GUINEE","https://agpguinee.com/"
"48320537","2025-06-30 14:39:11","L'AFRIQUE QUI BRULE ET CELLE QU'ON APAISE : Togo, Kenya, RDC-Rwanda, trois secousses, un même mépris","https://www.enqueteplus.com/content/lafrique-qui-brule-et-celle-quon-apaise-%C2%A0togo-kenya-rdc-rwanda-trois-secousses-un-m%C3%AAme","fr","False","","714","EnQuete+","http://www.enqueteplus.com/"
"48320536","2025-06-30 15:45:24","RÉPRESSION VIOLENTE AU TOGO : Trois jours de sang et de silence","https://www.enqueteplus.com/content/r%C3%A9pression-violente-au-togo-%C2%A0trois-jours-de-sang-et-de-silence","fr","False","","714","EnQuete+","http://www.enqueteplus.com/"
"48320557","2025-06-30 13:46:39","« Non, ce n’est pas moi. Je ne suis concerné ni de près ni de loin à cette chanson », Nono Gnassingbé","https://togotimes.info/non-ce-nest-pas-moi-je-ne-suis-concerne-ni-de-pres-ni-de-loin-a-cette-chanson-nono-gnassingbe/","fr","False","","15233","Togotimes","https://togotimes.info/"
"48321456","2025-06-30 10:49:22","TOGO UNRESTS: 7 Dead, Dozens Injured","https://max.com.gh/togo-unrests-7-dead-dozens-injured/","en","False","politics and government, freedom and human rights, demonstrations and riots","10115","Max TV","https://max.com.gh/"
"48321741","2025-06-30 14:07:56","Les Comités Locaux de Paix renforcent leurs capacités sur les mécanismes de prévention et de gestion pacifique des conflits","https://togopresse.tg/les-comites-locaux-de-paix-renforcent-leurs-capacites-sur-les-mecanismes-de-prevention-et-de-gestion-pacifique-des-conflits/","fr","False","","9900","Togo-Presse - Grand quotidien national d'information","http://togopresse.tg/"
"48322105","2025-06-30 19:57:54","Three days of protests leave seven dead in Togo, rights groups say","https://www.newzimbabwe.com/three-days-of-protests-leave-seven-dead-in-togo-rights-groups-say/","en","False","politics and government, freedom and human rights, demonstrations and riots, prisons and prisoners, law and legislation","9986","New Zimbabwe","http://www.newzimbabwe.com/"
"48322085","2025-06-30 22:55:02","Togo : le gouvernement dénonce une tentative de déstabilisation","https://bamada.net/togo-le-gouvernement-denonce-une-tentative-de-destabilisation","fr","False","","5056","Bamada.net","http://bamada.net/"
"48323043","2025-06-30 16:27:03","Agoè-Nyivé 4: Promotion de l’entrepreneuriat et l’autonomisation des jeunes via le football","https://togoenlive.tg/agoe-nyive-4-promotion-de-lentrepreneuriat-et-lautonomisation-des-jeunes-via-le-football/?utm_source=rss&utm_medium=rss&utm_campaign=agoe-nyive-4-promotion-de-lentrepreneuriat-et-lautonomisation-des-jeunes-via-le-football","fr","False","","16056","Togoenlive - L'actualité togolaise en direct","https://togoenlive.tg/"
"48323270","2025-06-30 13:31:42","Répression au Togo: Des députés refusent de siéger et demandent la convocation d’une session d’urgence","http://beninsite.net/2025/06/30/repression-au-togo-des-deputes-refusent-de-sieger-et-demandent-la-convocation-dune-session-durgence/?utm_source=rss&utm_medium=rss&utm_campaign=repression-au-togo-des-deputes-refusent-de-sieger-et-demandent-la-convocation-dune-session-durgence","fr","False","","5244","Page d'accueil - BENINSITE - L'Infos en continue","http://beninsite.net/"
"48324572","2025-07-01 00:47:12","Togolese bishops voice concern over recent protests","https://wadr.org/togolese-bishops-voice-concern-over-recent-protests/","en","False","politics and government, demonstrations and riots","991","WADR","https://www.wadr.org/"
"48326684","2025-07-01 04:34:35","Three days of protests leave seven dead in Togo, rights groups say","https://www.adomonline.com/three-days-of-protests-leave-seven-dead-in-togo-rights-groups-say/","en","False","politics and government, freedom and human rights, demonstrations and riots, prisons and prisoners, law and legislation","10087","Adom Online","https://www.adomonline.com/"
"48327051","2025-07-01 04:34:35","Three days of protests leave seven dead in Togo, rights groups say","https://www.adomonline.com/three-days-of-protests-leave-seven-dead-in-togo-rights-groups-say/","en","False","politics and government, freedom and human rights, demonstrations and riots, prisons and prisoners, law and legislation","13148","Nhyira FM ","https://www.adomonline.com/nhyira-fm-live-radio/?fbclid=IwAR2nPuQ4SmhWjzHxDmLoU1PAV2Fi-QqhUh9TCrj-LHYonIvg5RSMRfA1ArM"
"48330256","2025-06-30 08:26:19","Togo: Dozens injured, 7 reported dead following anti-government protests","https://myxyzonline.com/togo-dozens-injured-7-reported-dead-following-anti-government-protests/","en","False","politics and government, freedom and human rights, united states politics and government, demonstrations and riots, prisons and prisoners","16731","My XYZ online","https://myxyzonline.com/"
"48330297","2025-07-01 06:18:23","Power Grab: Togolese, Ugandan Leaders Cling To Rule, But The Youth Must Rise Against Constitutional Coups","https://dailyguidenetwork.com/power-grab-togolese-ugandan-leaders-cling-to-rule-but-the-youth-must-rise-against-constitutional-coups/","en","False","politics and government, law and legislation","10088","DailyGuide Network","https://dailyguidenetwork.com/"
"48331017","2025-06-30 07:15:47","Three Days Protest in Togo Leaves Seven Dead- Rights Groups","https://opemsuo.com/three-days-protest-in-togo-leaves-seven-dead-rights-groups/","en","False","politics and government, freedom of speech and expression, speech, freedom and human rights, demonstrations and riots","12593","Opemsuo","https://opemsuo.com"
"48331711","2025-07-01 07:34:12","Togo: des députés boycottent la plénière à l’Assemblée pour dénoncer le silence face aux manifestations","https://www.rfi.fr/fr/afrique/20250701-togo-des-d%C3%A9put%C3%A9s-boycottent-la-pl%C3%A9ni%C3%A8re-%C3%A0-l-assembl%C3%A9e-pour-d%C3%A9noncer-le-silence-face-aux-manifestations","fr","False","","14598","Écouter RFI Afrique en direct - RFI","https://www.rfi.fr/fr/direct-afrique"
"48334714","2025-07-01 06:05:56","Largement contesté par son peuple, au bout du rouleau, Faure Gnassingbé semble attendre le coup de grâce fatidique","https://icilome.com/2025/07/largement-conteste-par-son-peuple-au-bout-du-rouleau-faure-gnassingbe-semble-attendre-le-coup-de-grace-fatidique/","fr","False","","9892","Icilome","http://www.icilome.com/"
"48334713","2025-07-01 06:06:38","Togo – Municipales 2025 : « Comment aller voter alors que le sang des victimes de la répression n’est pas encore sec ? » (TPAMC)","https://icilome.com/2025/07/togo-municipales-2025-comment-aller-voter-alors-que-le-sang-des-victimes-de-la-repression-nest-pas-encore-sec-tpamc/","fr","False","","9892","Icilome","http://www.icilome.com/"
"48334712","2025-07-01 06:10:58","Togo – Prof Wolou Komi interpelle l’armée : « Vous êtes du mauvais côté de l’histoire »","https://icilome.com/2025/07/togo-prof-wolou-komi-interpelle-larmee-vous-etes-du-mauvais-cote-de-lhistoire/","fr","False","","9892","Icilome","http://www.icilome.com/"
"48335647","2025-07-01 09:13:03","Togo : Malgré la répression, de nouvelles manifestations prévues dès ce 1er juillet","https://icilome.com/2025/07/togo-malgre-la-repression-de-nouvelles-manifestations-prevues-des-ce-1er-juillet/","fr","False","","9892","Icilome","http://www.icilome.com/"
"48336139","2025-07-01 09:38:19","Togo: Des députés boycottent la plénière à l’Assemblée, la raison","https://abidjantv.net/afrique-3/togo-des-deputes-boycottent-la-pleniere-a-lassemblee-la-raison/?utm_source=rss&utm_medium=rss&utm_campaign=togo-des-deputes-boycottent-la-pleniere-a-lassemblee-la-raison","fr","False","","10024","AbidjanTV.net","http://abidjantv.net/"
"48337185","2025-07-01 09:40:10","Largement contesté par son peuple, au bout du rouleau, Faure Gnassingbé semble attendre le coup de grâce fatidique","https://togoactualite.com/largement-conteste-par-son-peuple-au-bout-du-rouleau-faure-gnassingbe-semble-attendre-le-coup-de-grace-fatidique/","fr","False","","16054","Togo Actualité - Premier site d'information du Togo","https://togoactualite.com/"
"48337875","2025-06-30 16:08:46","Cinq gendarmes ivoiriens relâchés après une semaine de détention au Burkina Faso","https://africapresse.com/cinq-gendarmes-ivoiriens-relaches-apres-une-semaine-de-detention-au-burkina-faso/","fr","False","","4863","Africa Presse","http://africapresse.com/"
"48338680","2025-07-01 11:13:10","Togo : boycott parlementaire face au silence sur la répression des manifestations","https://africapresse.com/togo-boycott-parlementaire-face-au-silence-sur-la-repression-des-manifestations/","fr","False","","4863","Africa Presse","http://africapresse.com/"
"48338677","2025-07-01 11:25:19","Faure Gnassingbé : “Notre Cap Reste la Prospérité Partagée”","https://togotimes.info/faure-gnassingbe-notre-cap-reste-la-prosperite-partagee/","fr","False","","15233","Togotimes","https://togotimes.info/"
"48339676","2025-07-01 11:15:07","Togo : Malgré la répression, de nouvelles manifestations prévues dès ce 1er juillet","https://togoactualite.com/togo-malgre-la-repression-de-nouvelles-manifestations-prevues-des-ce-1er-juillet/","fr","False","","16054","Togo Actualité - Premier site d'information du Togo","https://togoactualite.com/"
"48340873","2025-07-01 12:39:45","Leadership présidentiel et sécurité électorale : un tandem pour la démocratie togolaise","https://togotimes.info/leadership-presidentiel-et-securite-electorale-un-tandem-pour-la-democratie-togolaise/","fr","False","","15233","Togotimes","https://togotimes.info/"
"48341513","2025-07-01 12:55:08","Togo : La CEDEAO appelle au dialogue après les manifestations de Lomé - APAnews - Agence de Presse Africaine","https://news.google.com/atom/articles/CBMiowFBVV95cUxPVlU3UFZvNmlJUnFfWE5SM1dCR2dJaGlBZUE3ZE5yZ3NRdUo3c1JNa25JNGJLTmRFUW0tQVFQcDdJQjV1OGxmM21NZVV3VmVZUGtSWVBUQWU1eTlvSzJ6RHptZ3Vtc2Y3MWpQUV9ocklVRzJ6Z3NDN2k0N3ZYU0Z2WGVpRzlhekNmbTdXNmRSV3ZBNnZmZm84RW04VXk5Y2N1MFU0?oc=5","fr","False","","767","Google Actualités","https://news.google.com/topstories?hl=fr&gl=SN&ceid=SN:fr"
"48341970","2025-07-01 12:41:26","Togo/Répression des manifestations : La France Insoumise exprime son soutien au peuple togolais","https://togoactualite.com/togo-repression-des-manifestations-la-france-insoumise-exprime-son-soutien-au-peuple-togolais/","fr","False","","16054","Togo Actualité - Premier site d'information du Togo","https://togoactualite.com/"
"48342198","2025-07-01 13:20:54","Togo : le gouvernement dénonce une tentative de déstabilisation","https://africa24tv.com/togo-le-gouvernement-denonce-une-tentative-de-destabilisation?utm_source=rss&utm_medium=rss&utm_campaign=togo-le-gouvernement-denonce-une-tentative-de-destabilisation","fr","False","","16529","Burkina Faso","https://africa24tv.com/burkina-faso-2/"
"48342480","2025-07-01 13:20:54","Togo : le gouvernement dénonce une tentative de déstabilisation","https://africa24tv.com/togo-le-gouvernement-denonce-une-tentative-de-destabilisation?utm_source=rss&utm_medium=rss&utm_campaign=togo-le-gouvernement-denonce-une-tentative-de-destabilisation","fr","False","","16627","Africa24 TV","https://africa24tv.com/"
"48342945","2025-07-01 13:33:31","Le communiqué de la CEDEAO sur les manifestations récentes au Togo","https://www.senenews.com/actualites/afrique/le-communique-de-la-cedeao-sur-les-manifestations-recentes-au-togo_548610.html","fr","False","","735","Senenews","http://www.senenews.com/"
"48345155","2025-07-01 12:02:01","Togo: la FOSEM 2025 en place pour sécuriser les élections municipales","https://togoenlive.tg/togo-la-fosem-2025-en-place-pour-securiser-les-elections-municipales/?utm_source=rss&utm_medium=rss&utm_campaign=togo-la-fosem-2025-en-place-pour-securiser-les-elections-municipales","fr","False","","16056","Togoenlive - L'actualité togolaise en direct","https://togoenlive.tg/"
"48345154","2025-07-01 12:46:00","Sotouboua 2: UNIR lance la campagne électorale par une caravane","https://togoenlive.tg/sotouboua-2-unir-lance-la-campagne-electorale-par-une-caravane/?utm_source=rss&utm_medium=rss&utm_campaign=sotouboua-2-unir-lance-la-campagne-electorale-par-une-caravane","fr","False","","16056","Togoenlive - L'actualité togolaise en direct","https://togoenlive.tg/"
"48345920","2025-07-01 16:20:08","Est de la RDC: l’Union européenne apporte son soutien à la médiation togolaise","https://togoenlive.tg/est-de-la-rdc-lunion-europeenne-apporte-son-soutien-a-la-mediation-togolaise/?utm_source=rss&utm_medium=rss&utm_campaign=est-de-la-rdc-lunion-europeenne-apporte-son-soutien-a-la-mediation-togolaise","fr","False","","16056","Togoenlive - L'actualité togolaise en direct","https://togoenlive.tg/"
"48346047","2025-07-01 16:18:38","Togo : La Cedeao appelle à l’apaisement face aux récentes manifestations","https://lematinal.bj/togo-la-cedeao-appelle-a-lapaisement-face-aux-recentes-manifestations/","fr","False","","16012","ACTUALITÉS AU BÉNIN ET DANS LE MONDE","https://lematinal.bj/"
"48347377","2025-07-01 18:05:44","Togo : La CEDEAO préoccupée par les manifestations et appelle au dialogue","https://senego.com/togo-la-cedeao-preoccupee-par-les-manifestations-et-appelle-au-dialogue_1855060.html","fr","False","","737","Senego","http://senego.com/"
"48348384","2025-07-01 18:25:27","LA CEDEAO APPELLE À LA RETENUE ET AU DIALOGUE AU TOGO","https://www.seneplus.com/international/crise-au-togo-la-cedeao-appelle-la-retenue-et-au-dialogue","fr","False","","793","SenePlus","https://www.seneplus.com"
"48348763","2025-07-01 15:38:52","Résolution de la crise en RDC : L’Union Européenne apporte son soutien au Président du Conseil","https://togopresse.tg/resolution-de-la-crise-en-rdc-lunion-europeenne-apporte-son-soutien-au-president-du-conseil/","fr","False","","9900","Togo-Presse - Grand quotidien national d'information","http://togopresse.tg/"
"48348871","2025-07-01 19:32:21","Togo: La France insoumise exprime son soutien ai peuple togolais","http://beninsite.net/2025/07/01/togo-la-france-insoumise-exprime-son-soutien-ai-peuple-togolais/?utm_source=rss&utm_medium=rss&utm_campaign=togo-la-france-insoumise-exprime-son-soutien-ai-peuple-togolais","fr","False","","5244","Page d'accueil - BENINSITE - L'Infos en continue","http://beninsite.net/"
"48350361","2025-07-01 17:54:48","Violentes manifestations au Togo : la CEDEAO exhorte les parties au Dialogue","https://www.sudquotidien.sn/violentes-manifestations-au-togo-la-cedeao-exhorte-les-parties-au-dialogue/","fr","False","","13072","Sud Quotidien","https://www.sudquotidien.sn"
"48351800","2025-07-02 00:52:00","Togo: Africans are now telling governments what democracy must deliver – Chukwuemeka Eze warns elites","https://www.myjoyonline.com/togo-africans-are-now-telling-governments-what-democracy-must-deliver-chukwuemeka-eze-warns-elites/","en","False","economic conditions and trends, politics and government, freedom and human rights","3036","Joy News","http://myjoyonline.com/"
"48351798","2025-07-02 01:18:00","Togo: Leaders who ignore Africa’s new political wave will be on the wrong side of history – Dr Eze","https://www.myjoyonline.com/togo-leaders-who-ignore-africas-new-political-wave-will-be-on-the-wrong-side-of-history-dr-eze/","en","False","politics and government, freedom and human rights, demonstrations and riots","3036","Joy News","http://myjoyonline.com/"
"48352932","2025-07-02 03:18:35","A Sotouboua 2, la campagne du parti Unir a démarré","https://togotimes.info/a-sotouboua-2-la-campagne-du-parti-unir-a-demarre/","fr","False","","15233","Togotimes","https://togotimes.info/"
"48353100","2025-07-02 02:01:46","Faure Gnassingbé et Johan Borgstam échangent sur les efforts internationaux visant à instaurer une paix durable en RDC","https://www.radiookapi.net/2025/07/02/actualite/politique/faure-gnassingbe-et-johan-borgstam-echangent-sur-les-efforts","fr","False","","4969","Radio Okapi","https://www.radiookapi.net/"
"48353318","2025-07-02 03:33:57","Que se passe-t-il au Togo et pourquoi c’est important ?","http://afrikinfos-mali.com/2025/07/02/que-se-passe-t-il-au-togo-et-pourquoi-cest-important/","fr","False","","12268","AfrikInfos Mali","http://afrikinfos-mali.com"
"48354745","2025-07-02 04:47:22","Leaders who ignore Africa’s new political wave will be on the wrong side of history – Dr Eze","https://www.adomonline.com/leaders-who-ignore-africas-new-political-wave-will-be-on-the-wrong-side-of-history-dr-eze/","en","False","politics and government, freedom and human rights","10087","Adom Online","https://www.adomonline.com/"
"48356605","2025-07-02 03:07:49","Faure Gnassingbé, finalement fatigué du Togo?","https://togoactualite.com/faure-gnassingbe-finalement-fatigue-du-togo/","fr","False","","16054","Togo Actualité - Premier site d'information du Togo","https://togoactualite.com/"
"48358234","2025-06-28 05:33:23","TogoDebout réclame la démission immédiate de Faure Gnassingbé et la mise en place d’une transition citoyenne","https://www.letogolais.com/togodebout-reclame-la-demission-immediate-de-faure-gnassingbe-et-la-mise-en-place-dune-transition-citoyenne/","fr","False","","9894","Togo - letogolais.com : Le site d'informations sur le Togo","http://www.letogolais.com/"
"48360102","2025-07-02 06:28:27","Municipales 2025: 12 000 agents pour assurer la sécurité et la paix","https://togoenlive.tg/municipales-2025-12-000-agents-pour-assurer-la-securite-et-la-paix/?utm_source=rss&utm_medium=rss&utm_campaign=municipales-2025-12-000-agents-pour-assurer-la-securite-et-la-paix","fr","False","","16056","Togoenlive - L'actualité togolaise en direct","https://togoenlive.tg/"
"48361192","2025-07-02 08:05:48","Togo/Répression du 26 juin : Le professeur Wolou Komi interpelle les forces armées et appelle à la fin des violences","https://togoactualite.com/togo-repression-du-26-juin-le-professeur-wolou-komi-interpelle-les-forces-armees-et-appelle-a-la-fin-des-violences/","fr","False","","16054","Togo Actualité - Premier site d'information du Togo","https://togoactualite.com/"
"48361191","2025-07-02 08:26:19","Togo/Le tyran Faure Gnassingbé cherche à légitimer sa 5e République après les violences qui ont tué 7 Togolais et font plusieurs blessés et disparus","https://togoactualite.com/togo-le-tyran-faure-gnassingbe-cherche-a-legitimer-sa-5e-republique-apres-les-violences-qui-ont-tue-7-togolais-et-font-plusieurs-blesses-et-disparus/","fr","False","","16054","Togo Actualité - Premier site d'information du Togo","https://togoactualite.com/"
"48362491","2025-07-02 04:48:34","Crise politique au Togo : La France insoumise aux côtés du peuple","https://icilome.com/2025/07/crise-politique-au-togo-la-france-insoumise-aux-cotes-du-peuple/","fr","False","","9892","Icilome","http://www.icilome.com/"
"48362493","2025-07-02 04:16:08","Togo- la répression de la jeunesse mobilisée devient meurtrière","https://icilome.com/2025/07/togo-la-repression-de-la-jeunesse-mobilisee-devient-meurtriere/","fr","False","","9892","Icilome","http://www.icilome.com/"
"48362489","2025-07-02 05:05:51","Résolution de la crise en RDC : Echanges entre Faure Gnassingbé et Johan Borgstam","https://icilome.com/2025/07/resolution-de-la-crise-en-rdc-echanges-entre-faure-gnassingbe-et-johan-borgstam/","fr","False","","9892","Icilome","http://www.icilome.com/"
"48363843","2025-07-02 04:47:22","Leaders who ignore Africa’s new political wave will be on the wrong side of history – Dr Eze","https://www.adomonline.com/leaders-who-ignore-africas-new-political-wave-will-be-on-the-wrong-side-of-history-dr-eze/","en","False","politics and government, freedom and human rights","13148","Nhyira FM ","https://www.adomonline.com/nhyira-fm-live-radio/?fbclid=IwAR2nPuQ4SmhWjzHxDmLoU1PAV2Fi-QqhUh9TCrj-LHYonIvg5RSMRfA1ArM"
"48364173","2025-07-02 10:00:49","RDC-Rwanda : « La mise en œuvre effective de cet accord constitue désormais l’enjeu principal des efforts de médiation pour garantir la viabilité et la durabilité du processus de paix », l’UE après échange avec Faure Gnassingbé","https://actualite.cd/2025/07/02/rdc-rwanda-la-mise-en-oeuvre-effective-de-cet-accord-constitue-desormais-lenjeu","fr","False","","4937"," D'actualité.CD","https://actualite.cd/"
"48364858","2025-07-02 10:04:08","Crise Rwanda-RDC : l’UE réaffirme son soutien à la médiation togolaise","http://www.rnanews.com/crise-rwanda-rdc-lue-reaffirme-son-soutien-a-la-mediation-togolaise/","fr","False","","9824","EU welcomes Morocco’s decision to facilitate the return of unaccompanied minors","http://www.rnanews.com/"
"48365615","2025-07-02 09:14:44","Togo: le 17 Juillet 2025, 1527 conseillers municipaux seront élus","https://togotimes.info/togo-le-17-juillet-2025-1527-conseillers-municipaux-seront-elus/","fr","False","","15233","Togotimes","https://togotimes.info/"
"48366505","2025-07-02 10:02:29","Bénin : Les grands titres du quotidien national (La Nation) et des journaux privés parus ce mercredi 2 juillet 2025","https://www.savoirnews.net/blog/2025/07/02/benin-les-grands-titres-du-quotidien-national-la-nation-et-des-journaux-prives-parus-ce-mercredi-2-juillet-2025/","fr","False","","15231","Accueil - LA PREMIERE AGENCE DE PRESSE PRIVEE AU TOGO","https://www.savoirnews.net/"
"48366521","2025-07-02 08:54:03","Manifestations meurtrières au Togo : la société civile et l’opposition demandent une « enquête internationale »","https://dekkbi.com/?p=59164","fr","False","","724","Homeview Sénégal ","http://www.homeviewsenegal.com/"
"48369720","2025-07-02 13:20:43","Togo: un faux journal attribué à RFI sème le doute sur les réseaux sociaux","https://www.rfi.fr/fr/afrique/20250702-togo-un-faux-journal-attribu%C3%A9-%C3%A0-rfi-s%C3%A8me-le-doute-sur-les-r%C3%A9seaux-sociaux","fr","False","","14598","Écouter RFI Afrique en direct - RFI","https://www.rfi.fr/fr/direct-afrique"
"48370424","2025-07-01 06:34:13","Largement contesté par son peuple, au bout du rouleau, Faure Gnassingbé semble attendre le coup de grâce fatidique","https://www.27avril.com/blog/opinion/largement-conteste-par-son-peuple-au-bout-du-rouleau-faure-gnassingbe-semble-attendre-le-coup-de-grace-fatidique","fr","False","","15228","Nouvelles d'actualité au Togo et dans le Monde - 27avril.com","https://www.27avril.com/"
"48370423","2025-07-01 11:30:32","Togo: Malgré la Sanglante Répression, de Nouvelles Manifestations Prévues dès ce 1er juillet","https://www.27avril.com/blog/actualites/politiques/togo-malgre-la-sanglante-repression-de-nouvelles-manifestations-prevues-des-ce-1er-juillet","fr","False","","15228","Nouvelles d'actualité au Togo et dans le Monde - 27avril.com","https://www.27avril.com/"
"48370422","2025-07-01 13:04:06","Le tyran Faure Gnassingbé cherche à légitimer sa « 5e République » dans le Sang: Au Moins 7 Morts et Plusieurs Blessés et Disparus dans les Violences des miliciens et des FDS","https://www.27avril.com/blog/actualites/le-tyran-faure-gnassingbe-cherche-a-legitimer-sa-5e-republique-dans-le-sang","fr","False","","15228","Nouvelles d'actualité au Togo et dans le Monde - 27avril.com","https://www.27avril.com/"
"48370419","2025-07-01 20:05:29","Faure Gnassingbé, finalement fatigué du Togo?","https://www.27avril.com/blog/actualites/politiques/faure-gnassingbe-finalement-fatigue-du-togo","fr","False","","15228","Nouvelles d'actualité au Togo et dans le Monde - 27avril.com","https://www.27avril.com/"
"48372634","2025-07-02 07:12:00","“Let’s Not Wait for a Coup Before We Speak” – NALAG President to ECOWAS, AU on Togo Crisis","https://atinkaonline.com/lets-not-wait-for-a-coup-before-we-speak-nalag-president-to-ecowas-au-on-togo-crisis/","en","False","politics and government, coups d'etat and attempted coups d'etat","12580","Atinka Online ","https://atinkaonline.com/tv/"
"48372648","2025-07-02 07:12:00","“Let’s Not Wait for a Coup Before We Speak” – NALAG President to ECOWAS, AU on Togo Crisis","https://atinkaonline.com/lets-not-wait-for-a-coup-before-we-speak-nalag-president-to-ecowas-au-on-togo-crisis/","en","False","politics and government, coups d'etat and attempted coups d'etat","12589","Atinka Online","http://atinkaonline.com/about-us/"
"48373217","2025-07-02 12:58:05","Togo/Massacres de juin : Faure Gnassingbé au banc des accusés","https://togoactualite.com/togo-massacres-de-juin-faure-gnassingbe-au-banc-des-accuses/","fr","False","","16054","Togo Actualité - Premier site d'information du Togo","https://togoactualite.com/"
"48373875","2025-07-02 13:45:00","BOICOTE NA ASSEMBLEIA: DEPUTADOS TOGOLESES PROTESTAM CONTRA SILÊNCIO FRENTE À REPRESSÃO MORTAL","http://conosaba.blogspot.com/2025/07/boicote-na-assembleia-deputados.html","pt","False","","9645","Conosaba do Porto","http://conosaba.blogspot.com/"
"48376676","2025-07-02 07:36:58","ECOWAS Calls For Restraint In Togo","https://opemsuo.com/ecowas-calls-for-restraint-in-togo/","en","False","international relations, politics and government, freedom and human rights, demonstrations and riots","12593","Opemsuo","https://opemsuo.com"
"48377215","2025-06-30 09:52:39","Togo Protests: Seven Dead After Violent Clashes","https://salaamedia.com/2025/06/30/togo-protests-seven-dead-after-violent-clashes/","en","True","politics and government, freedom and human rights, demonstrations and riots","1342","Salaamedia","https://salaamedia.com/"
"48380254","2025-07-03 02:07:53","ECOWAS Urges Restraint Amid Togo Protests","https://von.gov.ng/ecowas-urges-restraint-amid-togo-protests/","en","False","economic conditions and trends, politics and government, demonstrations and riots","161","Voice of Nigeria","https://von.gov.ng"
"48380540","2025-07-01 06:05:26","Accord de Paix RDC-Rwanda , Washington : Thérèse Kayikwamba salue la médiation et insiste sur le respect de toutes les dispositions !","https://laprosperiteonline.net/2025/07/01/accord-de-paix-rdc-rwanda-washington-therese-kayikwamba-salue-la-mediation-et-insiste-sur-le-respect-de-toutes-les-dispositions/","fr","False","","4960","Journal la Prospérité","https://laprosperiteonline.net/"
"48382338","2025-07-03 04:27:21","Togo – Hypocrisie diplomatique contre répression sanglante : le Front TPAMC renvoie la CEDEAO à ses contradictions","https://icilome.com/2025/07/togo-hypocrisie-diplomatique-contre-repression-sanglante-le-front-tpamc-renvoie-la-cedeao-a-ses-contradictions/","fr","False","","9892","Icilome","http://www.icilome.com/"
"48386233","2025-07-03 06:43:46","Mort de sept personnes à Lomé : la France demande au Togo “de faire toute la lumière” sur les accusations de torture","https://icilome.com/2025/07/mort-de-sept-personnes-a-lome-la-france-demande-au-togo-de-faire-toute-la-lumiere-sur-les-accusations-de-torture/","fr","False","","9892","Icilome","http://www.icilome.com/"
"48387113","2025-07-03 04:02:13","Togo/La France rappelle son « attachement à la liberté de manifestation et de la presse » et exige des autorités togolaises la lumière sur les crimes commis lors des 3 jours de manifestation","https://togoactualite.com/togo-la-france-rappelle-son-attachement-a-la-liberte-de-manifestation-et-de-la-presse-et-exige-des-autorites-togolaises-la-lumiere-sur-les-crimes-commis-lors-des-3-jours-de-man/","fr","False","","16054","Togo Actualité - Premier site d'information du Togo","https://togoactualite.com/"
"48387231","2025-07-03 07:22:52","Togo- Des témoignages poignants donnent un aperçu de la répression violente des manifestations","https://icilome.com/2025/07/togo-des-temoignages-poignants-donnent-un-apercu-de-la-repression-violente-des-manifestations/","fr","False","","9892","Icilome","http://www.icilome.com/"
"48387792","2025-07-03 07:44:54","Mort de sept personnes à Lomé : la France demande au Togo « de faire toute la lumière » sur les accusations de torture","https://www.echosmedias.org/2025/07/03/mort-de-sept-personnes-a-lome-la-france-demande-au-togo-de-faire-toute-la-lumiere-sur-les-accusations-de-torture/","fr","False","","12271","Echos Medias","https://www.echosmedias.org"
"48389931","2025-07-03 08:28:25","Manifestations au Togo: Jean-Noël Barrot, interpellé, assure «suivre» la situation","https://www.rfi.fr/fr/afrique/20250703-manifestations-togo-poursuites-reaction-jean-noel-barrot","fr","False","","14598","Écouter RFI Afrique en direct - RFI","https://www.rfi.fr/fr/direct-afrique"
"48393774","2025-07-03 09:10:50","Mort de sept personnes à Lomé : la France demande au Togo “de faire toute la lumière” sur les accusations de torture","https://togoactualite.com/mort-de-sept-personnes-a-lome-la-france-demande-au-togo-de-faire-toute-la-lumiere-sur-les-accusations-de-torture/","fr","False","","16054","Togo Actualité - Premier site d'information du Togo","https://togoactualite.com/"
"48393773","2025-07-03 09:14:00","Togo : Des témoignages poignants donnent un aperçu de la répression violente des manifestations","https://togoactualite.com/togo-des-temoignages-poignants-donnent-un-apercu-de-la-repression-violente-des-manifestations/","fr","False","","16054","Togo Actualité - Premier site d'information du Togo","https://togoactualite.com/"
"48393772","2025-07-03 09:19:51","Togo : « la CEDEAO complice de dictature relance sa mascarade ! »","https://togoactualite.com/togo-la-cedeao-complice-de-dictature-relance-sa-mascarade/","fr","False","","16054","Togo Actualité - Premier site d'information du Togo","https://togoactualite.com/"
"48393943","2025-07-03 08:50:34","RÉPRESSION MADE IN FRANCE AU TOGO","https://www.seneplus.com/politique/repression-made-france-au-togo","fr","False","","793","SenePlus","https://www.seneplus.com"
"48394642","2025-07-03 11:17:13","Togo: un faux journal attribué à RFI sème le doute sur les réseaux sociaux","https://togoactualite.com/togo-un-faux-journal-attribue-a-rfi-seme-le-doute-sur-les-reseaux-sociaux/","fr","False","","16054","Togo Actualité - Premier site d'information du Togo","https://togoactualite.com/"
"48394747","2025-07-03 09:54:13","The Lessons from Kenya and Togo, By Abdul Mahmud","https://newsdiaryonline.com/the-lessons-from-kenya-and-togo-by-abdul-mahmud/","en","False","economic conditions and trends, politics and government, labor, demonstrations and riots","246","Newsdiaryonline Nigeria ","https://newsdiaryonline.com"
"48396575","2025-07-03 11:58:43","Massacre de populations civiles : la longue liste des génocides du XXe siècle à nos jours","https://www.bbc.com/afrique/articles/clyg45d0zezo","fr","False","","12279","BBC News Afrique","https://www.bbc.com/afrique"
"48406411","2025-07-03 07:04:22","ECOWAS CALLS FOR RESTRAINT IN VIOLENT PROTESTS IN TOGO￼","https://bossfm.ng/ecowas-calls-for-restraint-in-violent-protests-in-togo%ef%bf%bc/","en","False","politics and government, demonstrations and riots","1046","Boss FM","https://bossfm.ng/"
"48407173","2025-07-03 13:46:59","Après sa signature par la RDC et le Rwanda à Washington : l’UE et l’UA pour l’effectivité de l’Accord de paix","http://www.latempete.info/?p=72365","fr","False","","4961","La Tempête ","http://www.latempete.info/"
"48407269","2025-07-03 12:43:36","Togo : Le point sur l’actualité de ce jeudi 3 Juillet 2025","https://www.savoirnews.net/blog/2025/07/03/togo-le-point-sur-lactualite-de-ce-mercredi-3-juillet-2025/","fr","False","","15231","Accueil - LA PREMIERE AGENCE DE PRESSE PRIVEE AU TOGO","https://www.savoirnews.net/"
"48407268","2025-07-03 14:28:44","Togo: Les grands titres du quotidien national (Togo Presse) et des journaux privés en kiosques ce jeudi 3 juillet 2025","https://www.savoirnews.net/blog/2025/07/03/togo-les-grands-titres-du-quotidien-national-togo-presse-et-des-journaux-prives-en-kiosques-ce-jeudi-3-juillet-2025/","fr","False","","15231","Accueil - LA PREMIERE AGENCE DE PRESSE PRIVEE AU TOGO","https://www.savoirnews.net/"
"48407335","2025-07-04 01:00:54","Togo: internet et les réseaux sociaux ralentis, la société civile inquiète interpelle la Cédéao","https://www.rfi.fr/fr/afrique/20250704-togo-internet-r%C3%A9seaux-sociaux-ralentis-la-soci%C3%A9t%C3%A9-civile-inqui%C3%A8te-interpelle-c%C3%A9d%C3%A9ao","fr","False","","14598","Écouter RFI Afrique en direct - RFI","https://www.rfi.fr/fr/direct-afrique"
"48407438","2025-07-04 02:02:00","Togo protests signal youth anger at dynastic rule – but is change possible?","https://www.aljazeera.com/news/2025/7/4/togo-protests-signal-youth-anger-at-dynastic-rule-but-is-change-possible?traffic_source=rss","en","False","politics and government, freedom and human rights, demonstrations and riots","510","News South Africa","https://news.co.za"
"48408803","2025-07-03 18:31:00","Amnesty Demands Inquiry into Deadly Togo Protest Crackdown","https://newscentral.africa/amnesty-demands-inquiry-into-deadly-togo-protest-crackdown/","en","False","politics and government, freedom and human rights, demonstrations and riots, torture","16766","Latest Breaking News - News Central TV | Latest Breaking News Across Africa, Daily News in Nigeria, South Africa, Ghana, Kenya a","https://newscentral.africa/"
"48409462","2025-07-04 02:02:06","Togo protests signal youth anger at dynastic rule – but is change possible?","https://234radio.com/togo-protests-signal-youth-anger-at-dynastic-rule-but-is-change-possible/","en","False","politics and government, freedom and human rights, demonstrations and riots","1030","234 Radio","https://234radio.com/"
"48412478","2025-07-04 06:45:42","Bilan des Togolais évoluant en Afrique (2024-2025)","https://togofoot.tg/bilan-des-togolais-evoluant-en-afrique-2024-2025/","fr","False","","15232","TOGO FOOT - Football au Togo | TOGO FOOT","https://togofoot.tg/"
"48414229","2025-07-04 07:51:50","Togo: Amnesty International calls for end to use of force against protesters","https://ahotoronline.com/togo-amnesty-international-calls-for-end-to-use-of-force-against-protesters/","en","False","politics and government, freedom and human rights, demonstrations and riots","10171","Ahotor FM","https://ahotoronline.com/"
"48416102","2025-07-03 02:29:51","Municipales 2025: A Agoè-Nyivé, les critères du choix des candidats UNIR expliqués aux militants","https://togoenlive.tg/municipales-2025-a-agoe-nyive-les-criteres-du-choix-des-candidats-unir-expliques-aux-militants/?utm_source=rss&utm_medium=rss&utm_campaign=municipales-2025-a-agoe-nyive-les-criteres-du-choix-des-candidats-unir-expliques-aux-militants","fr","False","","16056","Togoenlive - L'actualité togolaise en direct","https://togoenlive.tg/"
"48420747","2025-07-04 10:55:50","Depuis Dakar, des voix s’élèvent contre la répression au Togo","https://emedia.sn/depuis-dakar-des-voix-selevent-contre-la-repression-au-togo/","fr","False","","16515","IRADIO 90.3 - EmediaSN","https://emedia.sn/iradio/"
"48426569","2025-07-04 15:37:36","LA SOCIÉTÉ CIVILE SÉNÉGALAISE ET LA DIASPORA TOGOLAISE DÉNONCENT LA RÉPRESSION AU TOGO","https://www.seneplus.com/international/la-societe-civile-senegalaise-et-la-diaspora-togolaise-denoncent","fr","False","","793","SenePlus","https://www.seneplus.com"
"48428068","2025-07-04 02:54:14","La diaspora togolaise en Allemagne fait entendre sa voix","https://icilome.com/2025/07/la-diaspora-togolaise-en-allemagne-fait-entendre-sa-voix/","fr","False","","9892","Icilome","http://www.icilome.com/"
"48428064","2025-07-04 05:42:24","Le Parti socialiste dénonce la répression au Togo et appelle à une transition démocratique","https://icilome.com/2025/07/le-parti-socialiste-denonce-la-repression-au-togo-et-appelle-a-une-transition-democratique/","fr","False","","9892","Icilome","http://www.icilome.com/"
"48428348","2025-07-04 07:21:38","Togo : Le Parti socialiste français dénonce la répression meurtrière et appelle Faure Gnassingbé à un dialogue national","https://togoactualite.com/togo-le-parti-socialiste-francais-denonce-la-repression-meurtriere-et-appelle-faure-gnassingbe-a-un-dialogue-national/","fr","False","","16054","Togo Actualité - Premier site d'information du Togo","https://togoactualite.com/"
"48428347","2025-07-04 08:58:35","Togo : François Boko dénonce une répression « préméditée et perfide » et appelle à une mobilisation contre le régime","https://togoactualite.com/togo-francois-boko-denonce-une-repression-premeditee-et-perfide-et-appelle-a-une-mobilisation-contre-le-regime/","fr","False","","16054","Togo Actualité - Premier site d'information du Togo","https://togoactualite.com/"
"48429502","2025-07-04 18:54:05","LA CEDEAO ACCUSÉE DE COMPLAISANCE VIS-A-VIS DE FAURE","https://www.seneplus.com/politique/la-societe-civile-africaine-accuse-la-cedeao-de-complaisance-vis","fr","False","","793","SenePlus","https://www.seneplus.com"
"48429620","2025-07-04 18:00:02","Gestion des réfugiés au Togo : Le HCR félicite Faure Gnassingbé","https://www.savoirnews.net/blog/2025/07/05/gestion-des-refugies-au-togo-le-hcr-felicite-faure-gnassingbe/","fr","False","","15231","Accueil - LA PREMIERE AGENCE DE PRESSE PRIVEE AU TOGO","https://www.savoirnews.net/"
"48430794","2025-07-04 16:53:41","Déclaration de Lomé: Un nouvel engagement pour une meilleure protection des réfugiés","https://togoenlive.tg/declaration-de-lome-un-nouvel-engagement-pour-une-meilleure-protection-des-refugies/?utm_source=rss&utm_medium=rss&utm_campaign=declaration-de-lome-un-nouvel-engagement-pour-une-meilleure-protection-des-refugies","fr","False","","16056","Togoenlive - L'actualité togolaise en direct","https://togoenlive.tg/"
"48433714","2025-07-04 10:46:35","Togo: TPAMC refuse une énième tentative de secours de la CEDEAO à Faure Gnassingbé","https://www.27avril.com/blog/actualites/politiques/togo-tpamc-refuse-une-enieme-tentative-de-secours-de-la-cedeao-a-faure-gnassingbe","fr","False","","15228","Nouvelles d'actualité au Togo et dans le Monde - 27avril.com","https://www.27avril.com/"
"48433716","2025-07-04 09:50:12","Amnesty International Dénonce la Répression Violente des Manifestations au Togo","https://www.27avril.com/blog/actualites/politiques/amnesty-international-denonce-la-repression-violente-des-manifestations-au-togo","fr","False","","15228","Nouvelles d'actualité au Togo et dans le Monde - 27avril.com","https://www.27avril.com/"
"48433715","2025-07-04 10:04:56","Togo: François Boko dénonce une répression « préméditée et perfide » et appelle à une mobilisation contre le régime","https://www.27avril.com/blog/opinion/togo-francois-boko-denonce-une-repression-premeditee-et-perfide-et-appelle-a-une-mobilisation-contre-le-regime","fr","False","","15228","Nouvelles d'actualité au Togo et dans le Monde - 27avril.com","https://www.27avril.com/"
"48436066","2025-07-05 06:09:46","FRAPP dénonce l’interdiction de manifestation en soutien au peuple togolais","https://kewoulo.info/frapp-denonce-linterdiction-de-manifestation-en-soutien-au-peuple-togolais/","fr","False","","774","Kewoulo.info ","https://kewoulo.info"
"48438582","2025-07-05 05:21:01","Togo : Depuis l’exil, Dr Edem Atsou Kwasi saisit l’ONU et dénonce un État failli","https://icilome.com/2025/07/togo-depuis-lexil-dr-edem-atsou-kwasi-saisit-lonu-et-denonce-un-etat-failli/","fr","False","","9892","Icilome","http://www.icilome.com/"
"48438581","2025-07-05 06:17:49","Togo : DMK, FLN, UR, RC 150 et CDT lancent le manifeste REST pour “une transition souveraine”","https://icilome.com/2025/07/togo-dmk-fln-ur-rc-150-et-cdt-lancent-le-manifeste-rest-pour-une-transition-souveraine/","fr","False","","9892","Icilome","http://www.icilome.com/"
"48438580","2025-07-05 06:26:19","Togo – Répression des manifestations : François Boko accuse le régime, appelle les soldats à réagir et dénonce le silence complice de la communauté internationale","https://icilome.com/2025/07/togo-repression-des-manifestations-francois-boko-accuse-le-regime-appelle-les-soldats-a-reagir-et-denonce-le-silence-complice-de-la-communaute-internationale/","fr","False","","9892","Icilome","http://www.icilome.com/"
"48438984","2025-07-05 09:10:56","Togo/Répression des manifestations de juin : 19 manifestants condamnés","https://togoactualite.com/togo-repression-des-manifestations-de-juin-19-manifestants-condamnes/","fr","False","","16054","Togo Actualité - Premier site d'information du Togo","https://togoactualite.com/"
"48440668","2025-07-05 05:53:00","Le Préfet de Dakar interdit de nouveau une manifestation de la diaspora togolaise, le FRAPP dénonce un ""bâillon sur le peuple""","https://www.pressafrik.com/Le-Prefet-de-Dakar-interdit-de-nouveau-une-manifestation-de-la-diaspora-togolaise-le-FRAPP-denonce-un-baillon-sur-le_a291619.html","fr","False","","784","Press Afrik","https://www.pressafrik.com"
"48440861","2025-07-05 12:10:44","Dakar : Interdiction d'une manifestation de soutien au peuple togolais, le FRAPP dénonce un « sabotage politique »","https://senego.com/dakar-interdiction-dune-manifestation-de-soutien-au-peuple-togolais-le-frapp-denonce-un-sabotage-politique_1856407.html","fr","False","","737","Senego","http://senego.com/"
"48441089","2025-07-05 08:39:37","Le préfet de Dakar interdit à nouveau une manifestation de la diaspora togolaise","https://emedia.sn/le-prefet-de-dakar-interdit-a-nouveau-une-manifestation-de-la-diaspora-togolaise/","fr","False","","16515","IRADIO 90.3 - EmediaSN","https://emedia.sn/iradio/"
"48444436","2025-07-04 23:56:41","Togo : nouvelle vague de manifestations les 16 et 17 juillet contre le régime Gnassingbé","https://africapresse.com/togo-nouvelle-vague-de-manifestations-les-16-et-17-juillet-contre-le-regime-gnassingbe/","fr","False","","4863","Africa Presse","http://africapresse.com/"
"48447513","2025-07-05 22:57:06","Togo: le tribunal condamne 19 manifestants, les avocats critiquent la légalité des arrestations","https://www.rfi.fr/fr/afrique/20250706-togo-le-tribunal-condamne-19-manifestants-les-avocats-critiquent-la-l%C3%A9galit%C3%A9-des-arrestations","fr","False","","14598","Écouter RFI Afrique en direct - RFI","https://www.rfi.fr/fr/direct-afrique"
"48450748","2025-07-06 04:22:30","Togo: le tribunal condamne 19 manifestants, les avocats critiquent la légalité des arrestations","https://www.sudquotidien.sn/togo-le-tribunal-condamne-19-manifestants-les-avocats-critiquent-la-legalite-des-arrestations/","fr","False","","13072","Sud Quotidien","https://www.sudquotidien.sn"
"48451136","2025-07-06 04:37:42","Togo : Le M66 appelle à de nouvelles manifestations les 16 et 17 juillet","https://icilome.com/2025/07/togo-le-m66-appelle-a-de-nouvelles-manifestations-les-16-et-17-juillet/","fr","False","","9892","Icilome","http://www.icilome.com/"
"48458334","2025-07-06 12:44:07","Togo: 19 manifestants condamnés après les protestations contre le président","https://senego.com/togo-19-manifestants-condamnes-apres-les-protestations-contre-le-president_1856631.html","fr","False","","737","Senego","http://senego.com/"
"48458504","2025-07-06 12:49:29","Colère de la jeunesse togolaise face à la dynastie Gnassingbé : vers un tournant politique ?","https://connectionivoirienne.net/2025/07/06/colere-de-la-jeunesse-togolaise-face-a-la-dynastie-gnassingbe-vers-un-tournant-politique/","fr","False","","10030","Le retour de Gbagbo « un sujet de crispation » (de la nécessité de désarmer les paroles) en Côte-d’Ivoire - Connectionivoirienne","https://www.connectionivoirienne.net/"
"48459696","2025-07-06 14:02:53","Protection des réfugiés : Une délégation du UNHCR échange avec le Président du Conseil","https://togopresse.tg/protection-des-refugies-une-delegation-du-unhcr-echange-avec-le-president-du-conseil/","fr","False","","9900","Togo-Presse - Grand quotidien national d'information","http://togopresse.tg/"
"48461095","2025-07-06 11:11:17","School AMU : Un service social toujours fort et continuel","https://www.savoirnews.net/blog/2025/07/06/school-amu-un-service-social-toujours-fort-et-continuel/","fr","False","","15231","Accueil - LA PREMIERE AGENCE DE PRESSE PRIVEE AU TOGO","https://www.savoirnews.net/"
"48464069","2025-07-06 09:01:30","Togo : Le M66 appelle à de nouvelles manifestations les 16 et 17 juillet","https://togoactualite.com/togo-le-m66-appelle-a-de-nouvelles-manifestations-les-16-et-17-juillet/","fr","False","","16054","Togo Actualité - Premier site d'information du Togo","https://togoactualite.com/"
"48466127","2025-07-06 10:34:33","Togo : 19 manifestants condamnés, les avocats dénoncent des dérives judiciaires","https://africapresse.com/togo-19-manifestants-condamnes-les-avocats-denoncent-des-derives-judiciaires/","fr","False","","4863","Africa Presse","http://africapresse.com/"
"48468623","2025-07-06 00:40:00","Togo’s Fifth Republic Is Here—But at What Cost?","https://rpublc.com/june-july-2025/togo-fifth-republic/","en","False","politics and government","13132","The Republic","https://republic.com.ng"
